sample,uid,rating,question,girl_probability,response_model
0,0:0a4966cb,2,An interviewer rates the beauty of a random parent on a scale from 1 to 5. The rating of that parent is 2. Is the parent's first child a girl?,0.47,jev-1.13.0
1,1:e22aa94d,3,An interviewer rates the beauty of a random parent on a scale from 1 to 5. The rating of that parent is 3. Is the parent's first child a girl?,0.47,jev-1.13.0
2,2:25fbd447,5,An interviewer rates the beauty of a random parent on a scale from 1 to 5. The rating of that parent is 5. Is the parent's first child a girl?,0.44,jev-1.13.0
3,3:ce83d615,1,An interviewer rates the beauty of a random parent on a scale from 1 to 5. The rating of that parent is 1. Is the parent's first child a girl?,0.45,jev-1.13.0
4,4:478c6353,4,An interviewer rates the beauty of a random parent on a scale from 1 to 5. The rating of that parent is 4. Is the parent's first child a girl?,0.44,jev-1.13.0
5,5:f7467ee1,2,An interviewer rates the beauty of a random parent on a scale from 1 to 5. The rating of that parent is 2. Is the parent's first child a girl?,0.44,jev-1.13.0
6,6:2bda543b,3,An interviewer rates the beauty of a random parent on a scale from 1 to 5. The rating of that parent is 3. Is the parent's first child a girl?,0.45,jev-1.13.0
7,7:3ef331e0,3,An interviewer rates the beauty of a random parent on a scale from 1 to 5. The rating of that parent is 3. Is the parent's first child a girl?,0.45,jev-1.13.0
8,8:e31371b1,5,An interviewer rates the beauty of a random parent on a scale from 1 to 5. The rating of that parent is 5. Is the parent's first child a girl?,0.43,jev-1.13.0
9,9:548e847d,4,An interviewer rates the beauty of a random parent on a scale from 1 to 5. The rating of that parent is 4. Is the parent's first child a girl?,0.44,jev-1.13.0
10,10:c4e2ead0,3,An interviewer rates the beauty of a random parent on a scale from 1 to 5. The rating of that parent is 3. Is the parent's first child a girl?,0.48,jev-1.13.0
11,11:44827c6b,2,An interviewer rates the beauty of a random parent on a scale from 1 to 5. The rating of that parent is 2. Is the parent's first child a girl?,0.45,jev-1.13.0
12,12:86e67b98,2,An interviewer rates the beauty of a random parent on a scale from 1 to 5. The rating of that parent is 2. Is the parent's first child a girl?,0.46,jev-1.13.0
13,13:550a2be9,1,An interviewer rates the beauty of a random parent on a scale from 1 to 5. The rating of that parent is 1. Is the parent's first child a girl?,0.43,jev-1.13.0
14,14:b3470aaf,1,An interviewer rates the beauty of a random parent on a scale from 1 to 5. The rating of that parent is 1. Is the parent's first child a girl?,0.45,jev-1.13.0
15,15:4e2732f1,3,An interviewer rates the beauty of a random parent on a scale from 1 to 5. The rating of that parent is 3. Is the parent's first child a girl?,0.47,jev-1.13.0
16,16:e3c1711a,3,An interviewer rates the beauty of a random parent on a scale from 1 to 5. The rating of that parent is 3. Is the parent's first child a girl?,0.47,jev-1.13.0
17,17:232cf524,2,An interviewer rates the beauty of a random parent on a scale from 1 to 5. The rating of that parent is 2. Is the parent's first child a girl?,0.44,jev-1.13.0
18,18:5fe78962,2,An interviewer rates the beauty of a random parent on a scale from 1 to 5. The rating of that parent is 2. Is the parent's first child a girl?,0.46,jev-1.13.0
19,19:e41f33a6,1,An interviewer rates the beauty of a random parent on a scale from 1 to 5. The rating of that parent is 1. Is the parent's first child a girl?,0.44,jev-1.13.0
20,20:b5fbc1bf,1,An interviewer rates the beauty of a random parent on a scale from 1 to 5. The rating of that parent is 1. Is the parent's first child a girl?,0.45,jev-1.13.0
21,21:1c6c5e40,4,An interviewer rates the beauty of a random parent on a scale from 1 to 5. The rating of that parent is 4. Is the parent's first child a girl?,0.44,jev-1.13.0
22,22:d9a5e21d,3,An interviewer rates the beauty of a random parent on a scale from 1 to 5. The rating of that parent is 3. Is the parent's first child a girl?,0.47,jev-1.13.0
23,23:56e7fa73,4,An interviewer rates the beauty of a random parent on a scale from 1 to 5. The rating of that parent is 4. Is the parent's first child a girl?,0.45,jev-1.13.0
24,24:12690cd3,2,An interviewer rates the beauty of a random parent on a scale from 1 to 5. The rating of that parent is 2. Is the parent's first child a girl?,0.45,jev-1.13.0
25,25:5f7874b7,3,An interviewer rates the beauty of a random parent on a scale from 1 to 5. The rating of that parent is 3. Is the parent's first child a girl?,0.48,jev-1.13.0
26,26:36b66246,4,An interviewer rates the beauty of a random parent on a scale from 1 to 5. The rating of that parent is 4. Is the parent's first child a girl?,0.45,jev-1.13.0
27,27:d2c271fe,5,An interviewer rates the beauty of a random parent on a scale from 1 to 5. The rating of that parent is 5. Is the parent's first child a girl?,0.41,jev-1.13.0
28,28:ae7cdac6,1,An interviewer rates the beauty of a random parent on a scale from 1 to 5. The rating of that parent is 1. Is the parent's first child a girl?,0.44,jev-1.13.0
29,29:dc1b7f27,3,An interviewer rates the beauty of a random parent on a scale from 1 to 5. The rating of that parent is 3. Is the parent's first child a girl?,0.46,jev-1.13.0
30,30:7079d2aa,3,An interviewer rates the beauty of a random parent on a scale from 1 to 5. The rating of that parent is 3. Is the parent's first child a girl?,0.46,jev-1.13.0
31,31:f23bd13f,1,An interviewer rates the beauty of a random parent on a scale from 1 to 5. The rating of that parent is 1. Is the parent's first child a girl?,0.45,jev-1.13.0
32,32:df464418,2,An interviewer rates the beauty of a random parent on a scale from 1 to 5. The rating of that parent is 2. Is the parent's first child a girl?,0.45,jev-1.13.0
33,33:80f9bab7,1,An interviewer rates the beauty of a random parent on a scale from 1 to 5. The rating of that parent is 1. Is the parent's first child a girl?,0.44,jev-1.13.0
34,34:2d6e00f6,2,An interviewer rates the beauty of a random parent on a scale from 1 to 5. The rating of that parent is 2. Is the parent's first child a girl?,0.45,jev-1.13.0
35,35:9d7f4e4b,4,An interviewer rates the beauty of a random parent on a scale from 1 to 5. The rating of that parent is 4. Is the parent's first child a girl?,0.46,jev-1.13.0
36,36:a0668667,2,An interviewer rates the beauty of a random parent on a scale from 1 to 5. The rating of that parent is 2. Is the parent's first child a girl?,0.45,jev-1.13.0
37,37:257e5d31,5,An interviewer rates the beauty of a random parent on a scale from 1 to 5. The rating of that parent is 5. Is the parent's first child a girl?,0.42,jev-1.13.0
38,38:daac8d2d,2,An interviewer rates the beauty of a random parent on a scale from 1 to 5. The rating of that parent is 2. Is the parent's first child a girl?,0.45,jev-1.13.0
39,39:57928910,5,An interviewer rates the beauty of a random parent on a scale from 1 to 5. The rating of that parent is 5. Is the parent's first child a girl?,0.43,jev-1.13.0
40,40:e739d357,2,An interviewer rates the beauty of a random parent on a scale from 1 to 5. The rating of that parent is 2. Is the parent's first child a girl?,0.45,jev-1.13.0
41,41:00d87b19,1,An interviewer rates the beauty of a random parent on a scale from 1 to 5. The rating of that parent is 1. Is the parent's first child a girl?,0.45,jev-1.13.0
42,42:caa56295,1,An interviewer rates the beauty of a random parent on a scale from 1 to 5. The rating of that parent is 1. Is the parent's first child a girl?,0.44,jev-1.13.0
43,43:57b360d2,2,An interviewer rates the beauty of a random parent on a scale from 1 to 5. The rating of that parent is 2. Is the parent's first child a girl?,0.45,jev-1.13.0
44,44:7833b8e6,2,An interviewer rates the beauty of a random parent on a scale from 1 to 5. The rating of that parent is 2. Is the parent's first child a girl?,0.45,jev-1.13.0
45,45:8084eb7a,4,An interviewer rates the beauty of a random parent on a scale from 1 to 5. The rating of that parent is 4. Is the parent's first child a girl?,0.45,jev-1.13.0
46,46:31e82c9c,2,An interviewer rates the beauty of a random parent on a scale from 1 to 5. The rating of that parent is 2. Is the parent's first child a girl?,0.47,jev-1.13.0
47,47:45612f80,4,An interviewer rates the beauty of a random parent on a scale from 1 to 5. The rating of that parent is 4. Is the parent's first child a girl?,0.44,jev-1.13.0
48,48:6ebbd4e0,1,An interviewer rates the beauty of a random parent on a scale from 1 to 5. The rating of that parent is 1. Is the parent's first child a girl?,0.43,jev-1.13.0
49,49:76534463,4,An interviewer rates the beauty of a random parent on a scale from 1 to 5. The rating of that parent is 4. Is the parent's first child a girl?,0.43,jev-1.13.0
50,50:ff6773ae,1,An interviewer rates the beauty of a random parent on a scale from 1 to 5. The rating of that parent is 1. Is the parent's first child a girl?,0.44,jev-1.13.0
51,51:8acc8faf,1,An interviewer rates the beauty of a random parent on a scale from 1 to 5. The rating of that parent is 1. Is the parent's first child a girl?,0.45,jev-1.13.0
52,52:d90a35db,1,An interviewer rates the beauty of a random parent on a scale from 1 to 5. The rating of that parent is 1. Is the parent's first child a girl?,0.44,jev-1.13.0
53,53:0c863c9a,3,An interviewer rates the beauty of a random parent on a scale from 1 to 5. The rating of that parent is 3. Is the parent's first child a girl?,0.46,jev-1.13.0
54,54:a6df62d8,3,An interviewer rates the beauty of a random parent on a scale from 1 to 5. The rating of that parent is 3. Is the parent's first child a girl?,0.47,jev-1.13.0
55,55:9a834978,4,An interviewer rates the beauty of a random parent on a scale from 1 to 5. The rating of that parent is 4. Is the parent's first child a girl?,0.45,jev-1.13.0
56,56:168b91f9,1,An interviewer rates the beauty of a random parent on a scale from 1 to 5. The rating of that parent is 1. Is the parent's first child a girl?,0.43,jev-1.13.0
57,57:ce1c2b5e,2,An interviewer rates the beauty of a random parent on a scale from 1 to 5. The rating of that parent is 2. Is the parent's first child a girl?,0.47,jev-1.13.0
58,58:0a87353c,4,An interviewer rates the beauty of a random parent on a scale from 1 to 5. The rating of that parent is 4. Is the parent's first child a girl?,0.45,jev-1.13.0
59,59:4e407afe,4,An interviewer rates the beauty of a random parent on a scale from 1 to 5. The rating of that parent is 4. Is the parent's first child a girl?,0.44,jev-1.13.0
60,60:55df81bd,3,An interviewer rates the beauty of a random parent on a scale from 1 to 5. The rating of that parent is 3. Is the parent's first child a girl?,0.46,jev-1.13.0
61,61:c2e0908c,5,An interviewer rates the beauty of a random parent on a scale from 1 to 5. The rating of that parent is 5. Is the parent's first child a girl?,0.42,jev-1.13.0
62,62:ae49a44a,4,An interviewer rates the beauty of a random parent on a scale from 1 to 5. The rating of that parent is 4. Is the parent's first child a girl?,0.45,jev-1.13.0
63,63:42f1a299,3,An interviewer rates the beauty of a random parent on a scale from 1 to 5. The rating of that parent is 3. Is the parent's first child a girl?,0.46,jev-1.13.0
64,64:eac7ce74,1,An interviewer rates the beauty of a random parent on a scale from 1 to 5. The rating of that parent is 1. Is the parent's first child a girl?,0.44,jev-1.13.0
65,65:d82a863e,4,An interviewer rates the beauty of a random parent on a scale from 1 to 5. The rating of that parent is 4. Is the parent's first child a girl?,0.45,jev-1.13.0
66,66:916202ff,1,An interviewer rates the beauty of a random parent on a scale from 1 to 5. The rating of that parent is 1. Is the parent's first child a girl?,0.45,jev-1.13.0
67,67:c6672855,3,An interviewer rates the beauty of a random parent on a scale from 1 to 5. The rating of that parent is 3. Is the parent's first child a girl?,0.46,jev-1.13.0
68,68:3c722635,1,An interviewer rates the beauty of a random parent on a scale from 1 to 5. The rating of that parent is 1. Is the parent's first child a girl?,0.43,jev-1.13.0
69,69:3f41be59,5,An interviewer rates the beauty of a random parent on a scale from 1 to 5. The rating of that parent is 5. Is the parent's first child a girl?,0.45,jev-1.13.0
70,70:1fde8e11,2,An interviewer rates the beauty of a random parent on a scale from 1 to 5. The rating of that parent is 2. Is the parent's first child a girl?,0.45,jev-1.13.0
71,71:f93f2712,2,An interviewer rates the beauty of a random parent on a scale from 1 to 5. The rating of that parent is 2. Is the parent's first child a girl?,0.45,jev-1.13.0
72,72:9d3b91a4,5,An interviewer rates the beauty of a random parent on a scale from 1 to 5. The rating of that parent is 5. Is the parent's first child a girl?,0.43,jev-1.13.0
73,73:3912069c,4,An interviewer rates the beauty of a random parent on a scale from 1 to 5. The rating of that parent is 4. Is the parent's first child a girl?,0.45,jev-1.13.0
74,74:b03a16c4,4,An interviewer rates the beauty of a random parent on a scale from 1 to 5. The rating of that parent is 4. Is the parent's first child a girl?,0.46,jev-1.13.0
75,75:e60bdceb,3,An interviewer rates the beauty of a random parent on a scale from 1 to 5. The rating of that parent is 3. Is the parent's first child a girl?,0.46,jev-1.13.0
76,76:f1e7ec31,2,An interviewer rates the beauty of a random parent on a scale from 1 to 5. The rating of that parent is 2. Is the parent's first child a girl?,0.45,jev-1.13.0
77,77:4a5fa1c9,1,An interviewer rates the beauty of a random parent on a scale from 1 to 5. The rating of that parent is 1. Is the parent's first child a girl?,0.44,jev-1.13.0
78,78:abab201b,5,An interviewer rates the beauty of a random parent on a scale from 1 to 5. The rating of that parent is 5. Is the parent's first child a girl?,0.41,jev-1.13.0
79,79:4bf11556,4,An interviewer rates the beauty of a random parent on a scale from 1 to 5. The rating of that parent is 4. Is the parent's first child a girl?,0.45,jev-1.13.0
80,80:658e4bc7,3,An interviewer rates the beauty of a random parent on a scale from 1 to 5. The rating of that parent is 3. Is the parent's first child a girl?,0.47,jev-1.13.0
81,81:40c8e299,3,An interviewer rates the beauty of a random parent on a scale from 1 to 5. The rating of that parent is 3. Is the parent's first child a girl?,0.47,jev-1.13.0
82,82:a6e39fd5,2,An interviewer rates the beauty of a random parent on a scale from 1 to 5. The rating of that parent is 2. Is the parent's first child a girl?,0.45,jev-1.13.0
83,83:a1774582,5,An interviewer rates the beauty of a random parent on a scale from 1 to 5. The rating of that parent is 5. Is the parent's first child a girl?,0.42,jev-1.13.0
84,84:0ce82bb6,1,An interviewer rates the beauty of a random parent on a scale from 1 to 5. The rating of that parent is 1. Is the parent's first child a girl?,0.42,jev-1.13.0
85,85:a8ae42e3,1,An interviewer rates the beauty of a random parent on a scale from 1 to 5. The rating of that parent is 1. Is the parent's first child a girl?,0.44,jev-1.13.0
86,86:1ecf2fb7,4,An interviewer rates the beauty of a random parent on a scale from 1 to 5. The rating of that parent is 4. Is the parent's first child a girl?,0.45,jev-1.13.0
87,87:f91e55af,1,An interviewer rates the beauty of a random parent on a scale from 1 to 5. The rating of that parent is 1. Is the parent's first child a girl?,0.45,jev-1.13.0
88,88:028d96d6,2,An interviewer rates the beauty of a random parent on a scale from 1 to 5. The rating of that parent is 2. Is the parent's first child a girl?,0.45,jev-1.13.0
89,89:17f08800,5,An interviewer rates the beauty of a random parent on a scale from 1 to 5. The rating of that parent is 5. Is the parent's first child a girl?,0.42,jev-1.13.0
90,90:8d34ad8a,3,An interviewer rates the beauty of a random parent on a scale from 1 to 5. The rating of that parent is 3. Is the parent's first child a girl?,0.47,jev-1.13.0
91,91:091de36b,3,An interviewer rates the beauty of a random parent on a scale from 1 to 5. The rating of that parent is 3. Is the parent's first child a girl?,0.46,jev-1.13.0
92,92:e15718f6,5,An interviewer rates the beauty of a random parent on a scale from 1 to 5. The rating of that parent is 5. Is the parent's first child a girl?,0.42,jev-1.13.0
93,93:41e0a84a,5,An interviewer rates the beauty of a random parent on a scale from 1 to 5. The rating of that parent is 5. Is the parent's first child a girl?,0.43,jev-1.13.0
94,94:6daaa600,2,An interviewer rates the beauty of a random parent on a scale from 1 to 5. The rating of that parent is 2. Is the parent's first child a girl?,0.45,jev-1.13.0
95,95:075505ef,3,An interviewer rates the beauty of a random parent on a scale from 1 to 5. The rating of that parent is 3. Is the parent's first child a girl?,0.46,jev-1.13.0
96,96:bcf90bbd,1,An interviewer rates the beauty of a random parent on a scale from 1 to 5. The rating of that parent is 1. Is the parent's first child a girl?,0.44,jev-1.13.0
97,97:39f17ea8,3,An interviewer rates the beauty of a random parent on a scale from 1 to 5. The rating of that parent is 3. Is the parent's first child a girl?,0.46,jev-1.13.0
98,98:6a725321,1,An interviewer rates the beauty of a random parent on a scale from 1 to 5. The rating of that parent is 1. Is the parent's first child a girl?,0.43,jev-1.13.0
99,99:6ecc9d6b,1,An interviewer rates the beauty of a random parent on a scale from 1 to 5. The rating of that parent is 1. Is the parent's first child a girl?,0.44,jev-1.13.0
100,100:5fac2eef,1,An interviewer rates the beauty of a random parent on a scale from 1 to 5. The rating of that parent is 1. Is the parent's first child a girl?,0.43,jev-1.13.0
101,101:f15ae12b,5,An interviewer rates the beauty of a random parent on a scale from 1 to 5. The rating of that parent is 5. Is the parent's first child a girl?,0.43,jev-1.13.0
102,102:8c66c432,4,An interviewer rates the beauty of a random parent on a scale from 1 to 5. The rating of that parent is 4. Is the parent's first child a girl?,0.44,jev-1.13.0
103,103:e1e4f5b3,3,An interviewer rates the beauty of a random parent on a scale from 1 to 5. The rating of that parent is 3. Is the parent's first child a girl?,0.46,jev-1.13.0
104,104:6c771bf5,2,An interviewer rates the beauty of a random parent on a scale from 1 to 5. The rating of that parent is 2. Is the parent's first child a girl?,0.44,jev-1.13.0
105,105:c914ba5f,4,An interviewer rates the beauty of a random parent on a scale from 1 to 5. The rating of that parent is 4. Is the parent's first child a girl?,0.45,jev-1.13.0
106,106:2b22f8a2,4,An interviewer rates the beauty of a random parent on a scale from 1 to 5. The rating of that parent is 4. Is the parent's first child a girl?,0.44,jev-1.13.0
107,107:eb82c92c,2,An interviewer rates the beauty of a random parent on a scale from 1 to 5. The rating of that parent is 2. Is the parent's first child a girl?,0.45,jev-1.13.0
108,108:9d90bcaf,5,An interviewer rates the beauty of a random parent on a scale from 1 to 5. The rating of that parent is 5. Is the parent's first child a girl?,0.43,jev-1.13.0
109,109:74e5bcd2,4,An interviewer rates the beauty of a random parent on a scale from 1 to 5. The rating of that parent is 4. Is the parent's first child a girl?,0.44,jev-1.13.0
110,110:84d33b87,2,An interviewer rates the beauty of a random parent on a scale from 1 to 5. The rating of that parent is 2. Is the parent's first child a girl?,0.45,jev-1.13.0
111,111:54ca1f37,3,An interviewer rates the beauty of a random parent on a scale from 1 to 5. The rating of that parent is 3. Is the parent's first child a girl?,0.45,jev-1.13.0
112,112:22367536,1,An interviewer rates the beauty of a random parent on a scale from 1 to 5. The rating of that parent is 1. Is the parent's first child a girl?,0.44,jev-1.13.0
113,113:dfa0bef6,1,An interviewer rates the beauty of a random parent on a scale from 1 to 5. The rating of that parent is 1. Is the parent's first child a girl?,0.43,jev-1.13.0
114,114:fde0a2be,3,An interviewer rates the beauty of a random parent on a scale from 1 to 5. The rating of that parent is 3. Is the parent's first child a girl?,0.46,jev-1.13.0
115,115:d516c371,5,An interviewer rates the beauty of a random parent on a scale from 1 to 5. The rating of that parent is 5. Is the parent's first child a girl?,0.43,jev-1.13.0
116,116:c5050439,5,An interviewer rates the beauty of a random parent on a scale from 1 to 5. The rating of that parent is 5. Is the parent's first child a girl?,0.44,jev-1.13.0
117,117:fc942fd2,4,An interviewer rates the beauty of a random parent on a scale from 1 to 5. The rating of that parent is 4. Is the parent's first child a girl?,0.45,jev-1.13.0
118,118:2202bc9b,3,An interviewer rates the beauty of a random parent on a scale from 1 to 5. The rating of that parent is 3. Is the parent's first child a girl?,0.45,jev-1.13.0
119,119:229c8c53,1,An interviewer rates the beauty of a random parent on a scale from 1 to 5. The rating of that parent is 1. Is the parent's first child a girl?,0.45,jev-1.13.0
120,120:cb7dd0ea,2,An interviewer rates the beauty of a random parent on a scale from 1 to 5. The rating of that parent is 2. Is the parent's first child a girl?,0.46,jev-1.13.0
121,121:fe666575,2,An interviewer rates the beauty of a random parent on a scale from 1 to 5. The rating of that parent is 2. Is the parent's first child a girl?,0.45,jev-1.13.0
122,122:249df7fe,2,An interviewer rates the beauty of a random parent on a scale from 1 to 5. The rating of that parent is 2. Is the parent's first child a girl?,0.45,jev-1.13.0
123,123:19aafb01,1,An interviewer rates the beauty of a random parent on a scale from 1 to 5. The rating of that parent is 1. Is the parent's first child a girl?,0.44,jev-1.13.0
124,124:128dd5ee,5,An interviewer rates the beauty of a random parent on a scale from 1 to 5. The rating of that parent is 5. Is the parent's first child a girl?,0.43,jev-1.13.0
125,125:5e82af33,3,An interviewer rates the beauty of a random parent on a scale from 1 to 5. The rating of that parent is 3. Is the parent's first child a girl?,0.47,jev-1.13.0
126,126:78c88cc9,1,An interviewer rates the beauty of a random parent on a scale from 1 to 5. The rating of that parent is 1. Is the parent's first child a girl?,0.45,jev-1.13.0
127,127:9a40defc,2,An interviewer rates the beauty of a random parent on a scale from 1 to 5. The rating of that parent is 2. Is the parent's first child a girl?,0.45,jev-1.13.0
128,128:0b5e2d99,5,An interviewer rates the beauty of a random parent on a scale from 1 to 5. The rating of that parent is 5. Is the parent's first child a girl?,0.43,jev-1.13.0
129,129:61634018,5,An interviewer rates the beauty of a random parent on a scale from 1 to 5. The rating of that parent is 5. Is the parent's first child a girl?,0.44,jev-1.13.0
130,130:ce719f27,5,An interviewer rates the beauty of a random parent on a scale from 1 to 5. The rating of that parent is 5. Is the parent's first child a girl?,0.44,jev-1.13.0
131,131:3e76a8e6,4,An interviewer rates the beauty of a random parent on a scale from 1 to 5. The rating of that parent is 4. Is the parent's first child a girl?,0.45,jev-1.13.0
132,132:cf8526a4,1,An interviewer rates the beauty of a random parent on a scale from 1 to 5. The rating of that parent is 1. Is the parent's first child a girl?,0.44,jev-1.13.0
133,133:a488dc09,4,An interviewer rates the beauty of a random parent on a scale from 1 to 5. The rating of that parent is 4. Is the parent's first child a girl?,0.45,jev-1.13.0
134,134:e25c742b,4,An interviewer rates the beauty of a random parent on a scale from 1 to 5. The rating of that parent is 4. Is the parent's first child a girl?,0.45,jev-1.13.0
135,135:415edfb5,1,An interviewer rates the beauty of a random parent on a scale from 1 to 5. The rating of that parent is 1. Is the parent's first child a girl?,0.43,jev-1.13.0
136,136:1bf856f9,5,An interviewer rates the beauty of a random parent on a scale from 1 to 5. The rating of that parent is 5. Is the parent's first child a girl?,0.43,jev-1.13.0
137,137:07207b2b,1,An interviewer rates the beauty of a random parent on a scale from 1 to 5. The rating of that parent is 1. Is the parent's first child a girl?,0.44,jev-1.13.0
138,138:241c3eb0,2,An interviewer rates the beauty of a random parent on a scale from 1 to 5. The rating of that parent is 2. Is the parent's first child a girl?,0.44,jev-1.13.0
139,139:771991f5,1,An interviewer rates the beauty of a random parent on a scale from 1 to 5. The rating of that parent is 1. Is the parent's first child a girl?,0.44,jev-1.13.0
140,140:a722f347,1,An interviewer rates the beauty of a random parent on a scale from 1 to 5. The rating of that parent is 1. Is the parent's first child a girl?,0.45,jev-1.13.0
141,141:3f4a8474,5,An interviewer rates the beauty of a random parent on a scale from 1 to 5. The rating of that parent is 5. Is the parent's first child a girl?,0.42,jev-1.13.0
142,142:d8459bf0,1,An interviewer rates the beauty of a random parent on a scale from 1 to 5. The rating of that parent is 1. Is the parent's first child a girl?,0.45,jev-1.13.0
143,143:7b1ee2e8,5,An interviewer rates the beauty of a random parent on a scale from 1 to 5. The rating of that parent is 5. Is the parent's first child a girl?,0.42,jev-1.13.0
144,144:b6086ccf,5,An interviewer rates the beauty of a random parent on a scale from 1 to 5. The rating of that parent is 5. Is the parent's first child a girl?,0.42,jev-1.13.0
145,145:a1a92336,5,An interviewer rates the beauty of a random parent on a scale from 1 to 5. The rating of that parent is 5. Is the parent's first child a girl?,0.44,jev-1.13.0
146,146:0760763c,2,An interviewer rates the beauty of a random parent on a scale from 1 to 5. The rating of that parent is 2. Is the parent's first child a girl?,0.46,jev-1.13.0
147,147:676b480b,3,An interviewer rates the beauty of a random parent on a scale from 1 to 5. The rating of that parent is 3. Is the parent's first child a girl?,0.47,jev-1.13.0
148,148:d6f1f328,4,An interviewer rates the beauty of a random parent on a scale from 1 to 5. The rating of that parent is 4. Is the parent's first child a girl?,0.45,jev-1.13.0
149,149:192885c9,4,An interviewer rates the beauty of a random parent on a scale from 1 to 5. The rating of that parent is 4. Is the parent's first child a girl?,0.46,jev-1.13.0
150,150:68ca210d,2,An interviewer rates the beauty of a random parent on a scale from 1 to 5. The rating of that parent is 2. Is the parent's first child a girl?,0.45,jev-1.13.0
151,151:7d3ea096,4,An interviewer rates the beauty of a random parent on a scale from 1 to 5. The rating of that parent is 4. Is the parent's first child a girl?,0.45,jev-1.13.0
152,152:d9ba74cd,2,An interviewer rates the beauty of a random parent on a scale from 1 to 5. The rating of that parent is 2. Is the parent's first child a girl?,0.44,jev-1.13.0
153,153:3cf02f1c,1,An interviewer rates the beauty of a random parent on a scale from 1 to 5. The rating of that parent is 1. Is the parent's first child a girl?,0.44,jev-1.13.0
154,154:166e3d6b,1,An interviewer rates the beauty of a random parent on a scale from 1 to 5. The rating of that parent is 1. Is the parent's first child a girl?,0.45,jev-1.13.0
155,155:5bdcd8e1,4,An interviewer rates the beauty of a random parent on a scale from 1 to 5. The rating of that parent is 4. Is the parent's first child a girl?,0.45,jev-1.13.0
156,156:40387fa8,4,An interviewer rates the beauty of a random parent on a scale from 1 to 5. The rating of that parent is 4. Is the parent's first child a girl?,0.45,jev-1.13.0
157,157:17ea8028,3,An interviewer rates the beauty of a random parent on a scale from 1 to 5. The rating of that parent is 3. Is the parent's first child a girl?,0.47,jev-1.13.0
158,158:6382a8ff,4,An interviewer rates the beauty of a random parent on a scale from 1 to 5. The rating of that parent is 4. Is the parent's first child a girl?,0.45,jev-1.13.0
159,159:2e7c4fc0,3,An interviewer rates the beauty of a random parent on a scale from 1 to 5. The rating of that parent is 3. Is the parent's first child a girl?,0.45,jev-1.13.0
160,160:9e62f88e,3,An interviewer rates the beauty of a random parent on a scale from 1 to 5. The rating of that parent is 3. Is the parent's first child a girl?,0.46,jev-1.13.0
161,161:0f1b7cfc,1,An interviewer rates the beauty of a random parent on a scale from 1 to 5. The rating of that parent is 1. Is the parent's first child a girl?,0.43,jev-1.13.0
162,162:ed6f4020,4,An interviewer rates the beauty of a random parent on a scale from 1 to 5. The rating of that parent is 4. Is the parent's first child a girl?,0.45,jev-1.13.0
163,163:5221b835,1,An interviewer rates the beauty of a random parent on a scale from 1 to 5. The rating of that parent is 1. Is the parent's first child a girl?,0.43,jev-1.13.0
164,164:65342eb6,4,An interviewer rates the beauty of a random parent on a scale from 1 to 5. The rating of that parent is 4. Is the parent's first child a girl?,0.46,jev-1.13.0
165,165:1b751f4b,5,An interviewer rates the beauty of a random parent on a scale from 1 to 5. The rating of that parent is 5. Is the parent's first child a girl?,0.42,jev-1.13.0
166,166:a1316e91,1,An interviewer rates the beauty of a random parent on a scale from 1 to 5. The rating of that parent is 1. Is the parent's first child a girl?,0.45,jev-1.13.0
167,167:b05c5d95,5,An interviewer rates the beauty of a random parent on a scale from 1 to 5. The rating of that parent is 5. Is the parent's first child a girl?,0.41,jev-1.13.0
168,168:f6cf5345,3,An interviewer rates the beauty of a random parent on a scale from 1 to 5. The rating of that parent is 3. Is the parent's first child a girl?,0.48,jev-1.13.0
169,169:96d4c694,2,An interviewer rates the beauty of a random parent on a scale from 1 to 5. The rating of that parent is 2. Is the parent's first child a girl?,0.46,jev-1.13.0
170,170:d25cf01d,5,An interviewer rates the beauty of a random parent on a scale from 1 to 5. The rating of that parent is 5. Is the parent's first child a girl?,0.43,jev-1.13.0
171,171:e0617fb0,2,An interviewer rates the beauty of a random parent on a scale from 1 to 5. The rating of that parent is 2. Is the parent's first child a girl?,0.45,jev-1.13.0
172,172:ed20529f,3,An interviewer rates the beauty of a random parent on a scale from 1 to 5. The rating of that parent is 3. Is the parent's first child a girl?,0.46,jev-1.13.0
173,173:0df9d0a2,3,An interviewer rates the beauty of a random parent on a scale from 1 to 5. The rating of that parent is 3. Is the parent's first child a girl?,0.47,jev-1.13.0
174,174:4ceb8c76,4,An interviewer rates the beauty of a random parent on a scale from 1 to 5. The rating of that parent is 4. Is the parent's first child a girl?,0.45,jev-1.13.0
175,175:87744a67,2,An interviewer rates the beauty of a random parent on a scale from 1 to 5. The rating of that parent is 2. Is the parent's first child a girl?,0.46,jev-1.13.0
176,176:99a6ac01,5,An interviewer rates the beauty of a random parent on a scale from 1 to 5. The rating of that parent is 5. Is the parent's first child a girl?,0.43,jev-1.13.0
177,177:f0231621,2,An interviewer rates the beauty of a random parent on a scale from 1 to 5. The rating of that parent is 2. Is the parent's first child a girl?,0.44,jev-1.13.0
178,178:0fc6df5a,2,An interviewer rates the beauty of a random parent on a scale from 1 to 5. The rating of that parent is 2. Is the parent's first child a girl?,0.45,jev-1.13.0
179,179:0aed80c0,3,An interviewer rates the beauty of a random parent on a scale from 1 to 5. The rating of that parent is 3. Is the parent's first child a girl?,0.5,jev-1.13.0
180,180:09999108,1,An interviewer rates the beauty of a random parent on a scale from 1 to 5. The rating of that parent is 1. Is the parent's first child a girl?,0.43,jev-1.13.0
181,181:09f9d92c,3,An interviewer rates the beauty of a random parent on a scale from 1 to 5. The rating of that parent is 3. Is the parent's first child a girl?,0.46,jev-1.13.0
182,182:f952792d,1,An interviewer rates the beauty of a random parent on a scale from 1 to 5. The rating of that parent is 1. Is the parent's first child a girl?,0.44,jev-1.13.0
183,183:12bc912e,4,An interviewer rates the beauty of a random parent on a scale from 1 to 5. The rating of that parent is 4. Is the parent's first child a girl?,0.43,jev-1.13.0
184,184:f5b9db16,3,An interviewer rates the beauty of a random parent on a scale from 1 to 5. The rating of that parent is 3. Is the parent's first child a girl?,0.47,jev-1.13.0
185,185:0d75c5ff,4,An interviewer rates the beauty of a random parent on a scale from 1 to 5. The rating of that parent is 4. Is the parent's first child a girl?,0.44,jev-1.13.0
186,186:07bd352a,1,An interviewer rates the beauty of a random parent on a scale from 1 to 5. The rating of that parent is 1. Is the parent's first child a girl?,0.44,jev-1.13.0
187,187:3da02a23,2,An interviewer rates the beauty of a random parent on a scale from 1 to 5. The rating of that parent is 2. Is the parent's first child a girl?,0.45,jev-1.13.0
188,188:e251ef32,2,An interviewer rates the beauty of a random parent on a scale from 1 to 5. The rating of that parent is 2. Is the parent's first child a girl?,0.46,jev-1.13.0
189,189:fc642c6e,1,An interviewer rates the beauty of a random parent on a scale from 1 to 5. The rating of that parent is 1. Is the parent's first child a girl?,0.45,jev-1.13.0
190,190:14525d61,5,An interviewer rates the beauty of a random parent on a scale from 1 to 5. The rating of that parent is 5. Is the parent's first child a girl?,0.42,jev-1.13.0
191,191:b8025418,3,An interviewer rates the beauty of a random parent on a scale from 1 to 5. The rating of that parent is 3. Is the parent's first child a girl?,0.46,jev-1.13.0
192,192:3ac56502,2,An interviewer rates the beauty of a random parent on a scale from 1 to 5. The rating of that parent is 2. Is the parent's first child a girl?,0.45,jev-1.13.0
193,193:0de008bc,5,An interviewer rates the beauty of a random parent on a scale from 1 to 5. The rating of that parent is 5. Is the parent's first child a girl?,0.42,jev-1.13.0
194,194:cbf5157e,2,An interviewer rates the beauty of a random parent on a scale from 1 to 5. The rating of that parent is 2. Is the parent's first child a girl?,0.45,jev-1.13.0
195,195:b4ce9939,1,An interviewer rates the beauty of a random parent on a scale from 1 to 5. The rating of that parent is 1. Is the parent's first child a girl?,0.44,jev-1.13.0
196,196:a46b7952,4,An interviewer rates the beauty of a random parent on a scale from 1 to 5. The rating of that parent is 4. Is the parent's first child a girl?,0.45,jev-1.13.0
197,197:24204370,2,An interviewer rates the beauty of a random parent on a scale from 1 to 5. The rating of that parent is 2. Is the parent's first child a girl?,0.46,jev-1.13.0
198,198:8a9e6f9c,1,An interviewer rates the beauty of a random parent on a scale from 1 to 5. The rating of that parent is 1. Is the parent's first child a girl?,0.43,jev-1.13.0
199,199:f0ccb140,1,An interviewer rates the beauty of a random parent on a scale from 1 to 5. The rating of that parent is 1. Is the parent's first child a girl?,0.44,jev-1.13.0
200,200:88f29a18,5,An interviewer rates the beauty of a random parent on a scale from 1 to 5. The rating of that parent is 5. Is the parent's first child a girl?,0.44,jev-1.13.0
201,201:82181f5b,4,An interviewer rates the beauty of a random parent on a scale from 1 to 5. The rating of that parent is 4. Is the parent's first child a girl?,0.45,jev-1.13.0
202,202:49f0d73c,4,An interviewer rates the beauty of a random parent on a scale from 1 to 5. The rating of that parent is 4. Is the parent's first child a girl?,0.46,jev-1.13.0
203,203:7287b2ba,3,An interviewer rates the beauty of a random parent on a scale from 1 to 5. The rating of that parent is 3. Is the parent's first child a girl?,0.45,jev-1.13.0
204,204:03cc95ed,5,An interviewer rates the beauty of a random parent on a scale from 1 to 5. The rating of that parent is 5. Is the parent's first child a girl?,0.42,jev-1.13.0
205,205:c4f7acbe,3,An interviewer rates the beauty of a random parent on a scale from 1 to 5. The rating of that parent is 3. Is the parent's first child a girl?,0.48,jev-1.13.0
206,206:5644b019,1,An interviewer rates the beauty of a random parent on a scale from 1 to 5. The rating of that parent is 1. Is the parent's first child a girl?,0.45,jev-1.13.0
207,207:e6bd0ef7,3,An interviewer rates the beauty of a random parent on a scale from 1 to 5. The rating of that parent is 3. Is the parent's first child a girl?,0.46,jev-1.13.0
208,208:323158ba,3,An interviewer rates the beauty of a random parent on a scale from 1 to 5. The rating of that parent is 3. Is the parent's first child a girl?,0.45,jev-1.13.0
209,209:f1d30f9c,1,An interviewer rates the beauty of a random parent on a scale from 1 to 5. The rating of that parent is 1. Is the parent's first child a girl?,0.44,jev-1.13.0
210,210:a3b024b1,1,An interviewer rates the beauty of a random parent on a scale from 1 to 5. The rating of that parent is 1. Is the parent's first child a girl?,0.42,jev-1.13.0
211,211:9e21170a,1,An interviewer rates the beauty of a random parent on a scale from 1 to 5. The rating of that parent is 1. Is the parent's first child a girl?,0.43,jev-1.13.0
212,212:020a984f,5,An interviewer rates the beauty of a random parent on a scale from 1 to 5. The rating of that parent is 5. Is the parent's first child a girl?,0.44,jev-1.13.0
213,213:f47dc25d,1,An interviewer rates the beauty of a random parent on a scale from 1 to 5. The rating of that parent is 1. Is the parent's first child a girl?,0.44,jev-1.13.0
214,214:72df8b62,2,An interviewer rates the beauty of a random parent on a scale from 1 to 5. The rating of that parent is 2. Is the parent's first child a girl?,0.45,jev-1.13.0
215,215:6745330f,3,An interviewer rates the beauty of a random parent on a scale from 1 to 5. The rating of that parent is 3. Is the parent's first child a girl?,0.46,jev-1.13.0
216,216:0caa3ea6,4,An interviewer rates the beauty of a random parent on a scale from 1 to 5. The rating of that parent is 4. Is the parent's first child a girl?,0.44,jev-1.13.0
217,217:d24de258,4,An interviewer rates the beauty of a random parent on a scale from 1 to 5. The rating of that parent is 4. Is the parent's first child a girl?,0.44,jev-1.13.0
218,218:06aa59cb,5,An interviewer rates the beauty of a random parent on a scale from 1 to 5. The rating of that parent is 5. Is the parent's first child a girl?,0.42,jev-1.13.0
219,219:161b6e2b,1,An interviewer rates the beauty of a random parent on a scale from 1 to 5. The rating of that parent is 1. Is the parent's first child a girl?,0.43,jev-1.13.0
220,220:e2687e92,1,An interviewer rates the beauty of a random parent on a scale from 1 to 5. The rating of that parent is 1. Is the parent's first child a girl?,0.43,jev-1.13.0
221,221:d348e3ec,2,An interviewer rates the beauty of a random parent on a scale from 1 to 5. The rating of that parent is 2. Is the parent's first child a girl?,0.46,jev-1.13.0
222,222:2b78fb2b,4,An interviewer rates the beauty of a random parent on a scale from 1 to 5. The rating of that parent is 4. Is the parent's first child a girl?,0.46,jev-1.13.0
223,223:f403299b,1,An interviewer rates the beauty of a random parent on a scale from 1 to 5. The rating of that parent is 1. Is the parent's first child a girl?,0.44,jev-1.13.0
224,224:1561efa5,4,An interviewer rates the beauty of a random parent on a scale from 1 to 5. The rating of that parent is 4. Is the parent's first child a girl?,0.44,jev-1.13.0
225,225:a035e823,2,An interviewer rates the beauty of a random parent on a scale from 1 to 5. The rating of that parent is 2. Is the parent's first child a girl?,0.44,jev-1.13.0
226,226:1b4d4434,4,An interviewer rates the beauty of a random parent on a scale from 1 to 5. The rating of that parent is 4. Is the parent's first child a girl?,0.45,jev-1.13.0
227,227:5a681009,1,An interviewer rates the beauty of a random parent on a scale from 1 to 5. The rating of that parent is 1. Is the parent's first child a girl?,0.44,jev-1.13.0
228,228:4931a301,4,An interviewer rates the beauty of a random parent on a scale from 1 to 5. The rating of that parent is 4. Is the parent's first child a girl?,0.46,jev-1.13.0
229,229:665046eb,5,An interviewer rates the beauty of a random parent on a scale from 1 to 5. The rating of that parent is 5. Is the parent's first child a girl?,0.41,jev-1.13.0
230,230:d6263222,4,An interviewer rates the beauty of a random parent on a scale from 1 to 5. The rating of that parent is 4. Is the parent's first child a girl?,0.44,jev-1.13.0
231,231:a59c26c3,2,An interviewer rates the beauty of a random parent on a scale from 1 to 5. The rating of that parent is 2. Is the parent's first child a girl?,0.45,jev-1.13.0
232,232:86d8d51d,1,An interviewer rates the beauty of a random parent on a scale from 1 to 5. The rating of that parent is 1. Is the parent's first child a girl?,0.44,jev-1.13.0
233,233:ff08f817,4,An interviewer rates the beauty of a random parent on a scale from 1 to 5. The rating of that parent is 4. Is the parent's first child a girl?,0.44,jev-1.13.0
234,234:479c087e,3,An interviewer rates the beauty of a random parent on a scale from 1 to 5. The rating of that parent is 3. Is the parent's first child a girl?,0.47,jev-1.13.0
235,235:a3cf1f1b,5,An interviewer rates the beauty of a random parent on a scale from 1 to 5. The rating of that parent is 5. Is the parent's first child a girl?,0.42,jev-1.13.0
236,236:9825c7e3,1,An interviewer rates the beauty of a random parent on a scale from 1 to 5. The rating of that parent is 1. Is the parent's first child a girl?,0.45,jev-1.13.0
237,237:7cf60358,1,An interviewer rates the beauty of a random parent on a scale from 1 to 5. The rating of that parent is 1. Is the parent's first child a girl?,0.44,jev-1.13.0
238,238:dfc956da,3,An interviewer rates the beauty of a random parent on a scale from 1 to 5. The rating of that parent is 3. Is the parent's first child a girl?,0.46,jev-1.13.0
239,239:1492ee56,3,An interviewer rates the beauty of a random parent on a scale from 1 to 5. The rating of that parent is 3. Is the parent's first child a girl?,0.46,jev-1.13.0
240,240:c4b696cd,1,An interviewer rates the beauty of a random parent on a scale from 1 to 5. The rating of that parent is 1. Is the parent's first child a girl?,0.43,jev-1.13.0
241,241:228b12ea,5,An interviewer rates the beauty of a random parent on a scale from 1 to 5. The rating of that parent is 5. Is the parent's first child a girl?,0.42,jev-1.13.0
242,242:002970fe,2,An interviewer rates the beauty of a random parent on a scale from 1 to 5. The rating of that parent is 2. Is the parent's first child a girl?,0.45,jev-1.13.0
243,243:8a417796,5,An interviewer rates the beauty of a random parent on a scale from 1 to 5. The rating of that parent is 5. Is the parent's first child a girl?,0.41,jev-1.13.0
244,244:396f5ecc,1,An interviewer rates the beauty of a random parent on a scale from 1 to 5. The rating of that parent is 1. Is the parent's first child a girl?,0.45,jev-1.13.0
245,245:9727ebbf,2,An interviewer rates the beauty of a random parent on a scale from 1 to 5. The rating of that parent is 2. Is the parent's first child a girl?,0.45,jev-1.13.0
246,246:3bf66ac4,5,An interviewer rates the beauty of a random parent on a scale from 1 to 5. The rating of that parent is 5. Is the parent's first child a girl?,0.42,jev-1.13.0
247,247:56be9921,1,An interviewer rates the beauty of a random parent on a scale from 1 to 5. The rating of that parent is 1. Is the parent's first child a girl?,0.44,jev-1.13.0
248,248:4e15dd64,5,An interviewer rates the beauty of a random parent on a scale from 1 to 5. The rating of that parent is 5. Is the parent's first child a girl?,0.43,jev-1.13.0
249,249:80cd3bc9,2,An interviewer rates the beauty of a random parent on a scale from 1 to 5. The rating of that parent is 2. Is the parent's first child a girl?,0.45,jev-1.13.0
250,250:dc3e2a4f,3,An interviewer rates the beauty of a random parent on a scale from 1 to 5. The rating of that parent is 3. Is the parent's first child a girl?,0.46,jev-1.13.0
251,251:0264d8ee,5,An interviewer rates the beauty of a random parent on a scale from 1 to 5. The rating of that parent is 5. Is the parent's first child a girl?,0.42,jev-1.13.0
252,252:28d40f38,2,An interviewer rates the beauty of a random parent on a scale from 1 to 5. The rating of that parent is 2. Is the parent's first child a girl?,0.44,jev-1.13.0
253,253:354920ef,1,An interviewer rates the beauty of a random parent on a scale from 1 to 5. The rating of that parent is 1. Is the parent's first child a girl?,0.44,jev-1.13.0
254,254:02ee2951,3,An interviewer rates the beauty of a random parent on a scale from 1 to 5. The rating of that parent is 3. Is the parent's first child a girl?,0.45,jev-1.13.0
255,255:289e9dad,1,An interviewer rates the beauty of a random parent on a scale from 1 to 5. The rating of that parent is 1. Is the parent's first child a girl?,0.45,jev-1.13.0
256,256:7397e03b,4,An interviewer rates the beauty of a random parent on a scale from 1 to 5. The rating of that parent is 4. Is the parent's first child a girl?,0.45,jev-1.13.0
257,257:cb205586,2,An interviewer rates the beauty of a random parent on a scale from 1 to 5. The rating of that parent is 2. Is the parent's first child a girl?,0.45,jev-1.13.0
258,258:6af97ef7,3,An interviewer rates the beauty of a random parent on a scale from 1 to 5. The rating of that parent is 3. Is the parent's first child a girl?,0.47,jev-1.13.0
259,259:64c36e6e,2,An interviewer rates the beauty of a random parent on a scale from 1 to 5. The rating of that parent is 2. Is the parent's first child a girl?,0.46,jev-1.13.0
260,260:b9e3d300,5,An interviewer rates the beauty of a random parent on a scale from 1 to 5. The rating of that parent is 5. Is the parent's first child a girl?,0.42,jev-1.13.0
261,261:7cddc1c4,5,An interviewer rates the beauty of a random parent on a scale from 1 to 5. The rating of that parent is 5. Is the parent's first child a girl?,0.43,jev-1.13.0
262,262:8c98858a,5,An interviewer rates the beauty of a random parent on a scale from 1 to 5. The rating of that parent is 5. Is the parent's first child a girl?,0.43,jev-1.13.0
263,263:ff2017a2,2,An interviewer rates the beauty of a random parent on a scale from 1 to 5. The rating of that parent is 2. Is the parent's first child a girl?,0.45,jev-1.13.0
264,264:ce25bf8d,2,An interviewer rates the beauty of a random parent on a scale from 1 to 5. The rating of that parent is 2. Is the parent's first child a girl?,0.44,jev-1.13.0
265,265:021f44f8,5,An interviewer rates the beauty of a random parent on a scale from 1 to 5. The rating of that parent is 5. Is the parent's first child a girl?,0.44,jev-1.13.0
266,266:8d1aba45,4,An interviewer rates the beauty of a random parent on a scale from 1 to 5. The rating of that parent is 4. Is the parent's first child a girl?,0.45,jev-1.13.0
267,267:61ea765b,4,An interviewer rates the beauty of a random parent on a scale from 1 to 5. The rating of that parent is 4. Is the parent's first child a girl?,0.46,jev-1.13.0
268,268:6840153d,2,An interviewer rates the beauty of a random parent on a scale from 1 to 5. The rating of that parent is 2. Is the parent's first child a girl?,0.45,jev-1.13.0
269,269:0c1778e1,3,An interviewer rates the beauty of a random parent on a scale from 1 to 5. The rating of that parent is 3. Is the parent's first child a girl?,0.46,jev-1.13.0
270,270:8c56e6ff,1,An interviewer rates the beauty of a random parent on a scale from 1 to 5. The rating of that parent is 1. Is the parent's first child a girl?,0.43,jev-1.13.0
271,271:91c78d96,1,An interviewer rates the beauty of a random parent on a scale from 1 to 5. The rating of that parent is 1. Is the parent's first child a girl?,0.45,jev-1.13.0
272,272:bc88c358,5,An interviewer rates the beauty of a random parent on a scale from 1 to 5. The rating of that parent is 5. Is the parent's first child a girl?,0.42,jev-1.13.0
273,273:bbe0d21e,2,An interviewer rates the beauty of a random parent on a scale from 1 to 5. The rating of that parent is 2. Is the parent's first child a girl?,0.45,jev-1.13.0
274,274:d10f4c3b,5,An interviewer rates the beauty of a random parent on a scale from 1 to 5. The rating of that parent is 5. Is the parent's first child a girl?,0.42,jev-1.13.0
275,275:efbfb7ca,5,An interviewer rates the beauty of a random parent on a scale from 1 to 5. The rating of that parent is 5. Is the parent's first child a girl?,0.44,jev-1.13.0
276,276:6b45360c,5,An interviewer rates the beauty of a random parent on a scale from 1 to 5. The rating of that parent is 5. Is the parent's first child a girl?,0.42,jev-1.13.0
277,277:296c5281,4,An interviewer rates the beauty of a random parent on a scale from 1 to 5. The rating of that parent is 4. Is the parent's first child a girl?,0.44,jev-1.13.0
278,278:bf041400,2,An interviewer rates the beauty of a random parent on a scale from 1 to 5. The rating of that parent is 2. Is the parent's first child a girl?,0.45,jev-1.13.0
279,279:4698a57f,4,An interviewer rates the beauty of a random parent on a scale from 1 to 5. The rating of that parent is 4. Is the parent's first child a girl?,0.45,jev-1.13.0
280,280:2d005046,1,An interviewer rates the beauty of a random parent on a scale from 1 to 5. The rating of that parent is 1. Is the parent's first child a girl?,0.45,jev-1.13.0
281,281:501d760c,1,An interviewer rates the beauty of a random parent on a scale from 1 to 5. The rating of that parent is 1. Is the parent's first child a girl?,0.43,jev-1.13.0
282,282:66d10a26,4,An interviewer rates the beauty of a random parent on a scale from 1 to 5. The rating of that parent is 4. Is the parent's first child a girl?,0.45,jev-1.13.0
283,283:3cfdd113,1,An interviewer rates the beauty of a random parent on a scale from 1 to 5. The rating of that parent is 1. Is the parent's first child a girl?,0.44,jev-1.13.0
284,284:4248c15e,3,An interviewer rates the beauty of a random parent on a scale from 1 to 5. The rating of that parent is 3. Is the parent's first child a girl?,0.46,jev-1.13.0
285,285:c24304f7,3,An interviewer rates the beauty of a random parent on a scale from 1 to 5. The rating of that parent is 3. Is the parent's first child a girl?,0.48,jev-1.13.0
286,286:c8793973,1,An interviewer rates the beauty of a random parent on a scale from 1 to 5. The rating of that parent is 1. Is the parent's first child a girl?,0.44,jev-1.13.0
287,287:db90231d,3,An interviewer rates the beauty of a random parent on a scale from 1 to 5. The rating of that parent is 3. Is the parent's first child a girl?,0.46,jev-1.13.0
288,288:2f4936f6,3,An interviewer rates the beauty of a random parent on a scale from 1 to 5. The rating of that parent is 3. Is the parent's first child a girl?,0.47,jev-1.13.0
289,289:87b8b803,3,An interviewer rates the beauty of a random parent on a scale from 1 to 5. The rating of that parent is 3. Is the parent's first child a girl?,0.46,jev-1.13.0
290,290:3521ddf2,4,An interviewer rates the beauty of a random parent on a scale from 1 to 5. The rating of that parent is 4. Is the parent's first child a girl?,0.44,jev-1.13.0
291,291:3be97829,2,An interviewer rates the beauty of a random parent on a scale from 1 to 5. The rating of that parent is 2. Is the parent's first child a girl?,0.44,jev-1.13.0
292,292:0fa36a0a,5,An interviewer rates the beauty of a random parent on a scale from 1 to 5. The rating of that parent is 5. Is the parent's first child a girl?,0.41,jev-1.13.0
293,293:a806cab2,5,An interviewer rates the beauty of a random parent on a scale from 1 to 5. The rating of that parent is 5. Is the parent's first child a girl?,0.42,jev-1.13.0
294,294:09224f4d,4,An interviewer rates the beauty of a random parent on a scale from 1 to 5. The rating of that parent is 4. Is the parent's first child a girl?,0.45,jev-1.13.0
295,295:28dcaf6f,3,An interviewer rates the beauty of a random parent on a scale from 1 to 5. The rating of that parent is 3. Is the parent's first child a girl?,0.47,jev-1.13.0
296,296:50e128ee,5,An interviewer rates the beauty of a random parent on a scale from 1 to 5. The rating of that parent is 5. Is the parent's first child a girl?,0.42,jev-1.13.0
297,297:0577c52b,3,An interviewer rates the beauty of a random parent on a scale from 1 to 5. The rating of that parent is 3. Is the parent's first child a girl?,0.47,jev-1.13.0
298,298:cabdab46,4,An interviewer rates the beauty of a random parent on a scale from 1 to 5. The rating of that parent is 4. Is the parent's first child a girl?,0.44,jev-1.13.0
299,299:9fb8ee2e,2,An interviewer rates the beauty of a random parent on a scale from 1 to 5. The rating of that parent is 2. Is the parent's first child a girl?,0.46,jev-1.13.0
300,300:0715964f,5,An interviewer rates the beauty of a random parent on a scale from 1 to 5. The rating of that parent is 5. Is the parent's first child a girl?,0.44,jev-1.13.0
301,301:a2ffe7c5,2,An interviewer rates the beauty of a random parent on a scale from 1 to 5. The rating of that parent is 2. Is the parent's first child a girl?,0.46,jev-1.13.0
302,302:109aecd1,3,An interviewer rates the beauty of a random parent on a scale from 1 to 5. The rating of that parent is 3. Is the parent's first child a girl?,0.47,jev-1.13.0
303,303:927134b8,5,An interviewer rates the beauty of a random parent on a scale from 1 to 5. The rating of that parent is 5. Is the parent's first child a girl?,0.43,jev-1.13.0
304,304:dd54b2fe,1,An interviewer rates the beauty of a random parent on a scale from 1 to 5. The rating of that parent is 1. Is the parent's first child a girl?,0.43,jev-1.13.0
305,305:a76721fa,1,An interviewer rates the beauty of a random parent on a scale from 1 to 5. The rating of that parent is 1. Is the parent's first child a girl?,0.44,jev-1.13.0
306,306:387a0728,5,An interviewer rates the beauty of a random parent on a scale from 1 to 5. The rating of that parent is 5. Is the parent's first child a girl?,0.42,jev-1.13.0
307,307:b8fc20e3,4,An interviewer rates the beauty of a random parent on a scale from 1 to 5. The rating of that parent is 4. Is the parent's first child a girl?,0.44,jev-1.13.0
308,308:41d46856,1,An interviewer rates the beauty of a random parent on a scale from 1 to 5. The rating of that parent is 1. Is the parent's first child a girl?,0.43,jev-1.13.0
309,309:33cd81cf,5,An interviewer rates the beauty of a random parent on a scale from 1 to 5. The rating of that parent is 5. Is the parent's first child a girl?,0.43,jev-1.13.0
310,310:6a7252ad,1,An interviewer rates the beauty of a random parent on a scale from 1 to 5. The rating of that parent is 1. Is the parent's first child a girl?,0.43,jev-1.13.0
311,311:c656ea0d,1,An interviewer rates the beauty of a random parent on a scale from 1 to 5. The rating of that parent is 1. Is the parent's first child a girl?,0.43,jev-1.13.0
312,312:cb536ce9,1,An interviewer rates the beauty of a random parent on a scale from 1 to 5. The rating of that parent is 1. Is the parent's first child a girl?,0.45,jev-1.13.0
313,313:a0ff0995,3,An interviewer rates the beauty of a random parent on a scale from 1 to 5. The rating of that parent is 3. Is the parent's first child a girl?,0.46,jev-1.13.0
314,314:d6b79cfe,3,An interviewer rates the beauty of a random parent on a scale from 1 to 5. The rating of that parent is 3. Is the parent's first child a girl?,0.46,jev-1.13.0
315,315:2b9be05b,1,An interviewer rates the beauty of a random parent on a scale from 1 to 5. The rating of that parent is 1. Is the parent's first child a girl?,0.45,jev-1.13.0
316,316:fd16bd78,2,An interviewer rates the beauty of a random parent on a scale from 1 to 5. The rating of that parent is 2. Is the parent's first child a girl?,0.45,jev-1.13.0
317,317:92d31be5,2,An interviewer rates the beauty of a random parent on a scale from 1 to 5. The rating of that parent is 2. Is the parent's first child a girl?,0.45,jev-1.13.0
318,318:736b2114,5,An interviewer rates the beauty of a random parent on a scale from 1 to 5. The rating of that parent is 5. Is the parent's first child a girl?,0.4,jev-1.13.0
319,319:0063d465,3,An interviewer rates the beauty of a random parent on a scale from 1 to 5. The rating of that parent is 3. Is the parent's first child a girl?,0.46,jev-1.13.0
320,320:10f02997,2,An interviewer rates the beauty of a random parent on a scale from 1 to 5. The rating of that parent is 2. Is the parent's first child a girl?,0.44,jev-1.13.0
321,321:80dd7c57,5,An interviewer rates the beauty of a random parent on a scale from 1 to 5. The rating of that parent is 5. Is the parent's first child a girl?,0.43,jev-1.13.0
322,322:70ff2bfb,2,An interviewer rates the beauty of a random parent on a scale from 1 to 5. The rating of that parent is 2. Is the parent's first child a girl?,0.45,jev-1.13.0
323,323:a27d699d,4,An interviewer rates the beauty of a random parent on a scale from 1 to 5. The rating of that parent is 4. Is the parent's first child a girl?,0.45,jev-1.13.0
324,324:94ae10a4,4,An interviewer rates the beauty of a random parent on a scale from 1 to 5. The rating of that parent is 4. Is the parent's first child a girl?,0.44,jev-1.13.0
325,325:6f3e14ba,4,An interviewer rates the beauty of a random parent on a scale from 1 to 5. The rating of that parent is 4. Is the parent's first child a girl?,0.45,jev-1.13.0
326,326:5d3e6956,4,An interviewer rates the beauty of a random parent on a scale from 1 to 5. The rating of that parent is 4. Is the parent's first child a girl?,0.44,jev-1.13.0
327,327:48b99464,2,An interviewer rates the beauty of a random parent on a scale from 1 to 5. The rating of that parent is 2. Is the parent's first child a girl?,0.45,jev-1.13.0
328,328:2b3739cf,3,An interviewer rates the beauty of a random parent on a scale from 1 to 5. The rating of that parent is 3. Is the parent's first child a girl?,0.45,jev-1.13.0
329,329:6c6e157a,2,An interviewer rates the beauty of a random parent on a scale from 1 to 5. The rating of that parent is 2. Is the parent's first child a girl?,0.45,jev-1.13.0
330,330:8ba50812,5,An interviewer rates the beauty of a random parent on a scale from 1 to 5. The rating of that parent is 5. Is the parent's first child a girl?,0.4,jev-1.13.0
331,331:bd9ad464,5,An interviewer rates the beauty of a random parent on a scale from 1 to 5. The rating of that parent is 5. Is the parent's first child a girl?,0.42,jev-1.13.0
332,332:9e1a0638,4,An interviewer rates the beauty of a random parent on a scale from 1 to 5. The rating of that parent is 4. Is the parent's first child a girl?,0.45,jev-1.13.0
333,333:22386190,1,An interviewer rates the beauty of a random parent on a scale from 1 to 5. The rating of that parent is 1. Is the parent's first child a girl?,0.43,jev-1.13.0
334,334:ae3a1b8f,4,An interviewer rates the beauty of a random parent on a scale from 1 to 5. The rating of that parent is 4. Is the parent's first child a girl?,0.46,jev-1.13.0
335,335:97c475ee,2,An interviewer rates the beauty of a random parent on a scale from 1 to 5. The rating of that parent is 2. Is the parent's first child a girl?,0.45,jev-1.13.0
336,336:01cef402,2,An interviewer rates the beauty of a random parent on a scale from 1 to 5. The rating of that parent is 2. Is the parent's first child a girl?,0.46,jev-1.13.0
337,337:96af1096,4,An interviewer rates the beauty of a random parent on a scale from 1 to 5. The rating of that parent is 4. Is the parent's first child a girl?,0.44,jev-1.13.0
338,338:dd733276,4,An interviewer rates the beauty of a random parent on a scale from 1 to 5. The rating of that parent is 4. Is the parent's first child a girl?,0.46,jev-1.13.0
339,339:68c3d8fd,4,An interviewer rates the beauty of a random parent on a scale from 1 to 5. The rating of that parent is 4. Is the parent's first child a girl?,0.45,jev-1.13.0
340,340:f752920a,3,An interviewer rates the beauty of a random parent on a scale from 1 to 5. The rating of that parent is 3. Is the parent's first child a girl?,0.46,jev-1.13.0
341,341:d68ad7fe,3,An interviewer rates the beauty of a random parent on a scale from 1 to 5. The rating of that parent is 3. Is the parent's first child a girl?,0.47,jev-1.13.0
342,342:11e7d278,2,An interviewer rates the beauty of a random parent on a scale from 1 to 5. The rating of that parent is 2. Is the parent's first child a girl?,0.45,jev-1.13.0
343,343:b0023761,3,An interviewer rates the beauty of a random parent on a scale from 1 to 5. The rating of that parent is 3. Is the parent's first child a girl?,0.46,jev-1.13.0
344,344:862df2c8,3,An interviewer rates the beauty of a random parent on a scale from 1 to 5. The rating of that parent is 3. Is the parent's first child a girl?,0.46,jev-1.13.0
345,345:7ca08d3e,3,An interviewer rates the beauty of a random parent on a scale from 1 to 5. The rating of that parent is 3. Is the parent's first child a girl?,0.46,jev-1.13.0
346,346:7890908e,3,An interviewer rates the beauty of a random parent on a scale from 1 to 5. The rating of that parent is 3. Is the parent's first child a girl?,0.46,jev-1.13.0
347,347:57b4e6eb,5,An interviewer rates the beauty of a random parent on a scale from 1 to 5. The rating of that parent is 5. Is the parent's first child a girl?,0.42,jev-1.13.0
348,348:ab0a20ef,3,An interviewer rates the beauty of a random parent on a scale from 1 to 5. The rating of that parent is 3. Is the parent's first child a girl?,0.47,jev-1.13.0
349,349:f015232f,4,An interviewer rates the beauty of a random parent on a scale from 1 to 5. The rating of that parent is 4. Is the parent's first child a girl?,0.44,jev-1.13.0
350,350:1889c80d,2,An interviewer rates the beauty of a random parent on a scale from 1 to 5. The rating of that parent is 2. Is the parent's first child a girl?,0.45,jev-1.13.0
351,351:0086f584,1,An interviewer rates the beauty of a random parent on a scale from 1 to 5. The rating of that parent is 1. Is the parent's first child a girl?,0.44,jev-1.13.0
352,352:0a0851d0,1,An interviewer rates the beauty of a random parent on a scale from 1 to 5. The rating of that parent is 1. Is the parent's first child a girl?,0.44,jev-1.13.0
353,353:7637d352,5,An interviewer rates the beauty of a random parent on a scale from 1 to 5. The rating of that parent is 5. Is the parent's first child a girl?,0.41,jev-1.13.0
354,354:2175a853,2,An interviewer rates the beauty of a random parent on a scale from 1 to 5. The rating of that parent is 2. Is the parent's first child a girl?,0.45,jev-1.13.0
355,355:23d4e7fc,4,An interviewer rates the beauty of a random parent on a scale from 1 to 5. The rating of that parent is 4. Is the parent's first child a girl?,0.45,jev-1.13.0
356,356:5081dba8,2,An interviewer rates the beauty of a random parent on a scale from 1 to 5. The rating of that parent is 2. Is the parent's first child a girl?,0.45,jev-1.13.0
357,357:863705b5,2,An interviewer rates the beauty of a random parent on a scale from 1 to 5. The rating of that parent is 2. Is the parent's first child a girl?,0.46,jev-1.13.0
358,358:90ddec58,2,An interviewer rates the beauty of a random parent on a scale from 1 to 5. The rating of that parent is 2. Is the parent's first child a girl?,0.45,jev-1.13.0
359,359:f7e59a96,5,An interviewer rates the beauty of a random parent on a scale from 1 to 5. The rating of that parent is 5. Is the parent's first child a girl?,0.42,jev-1.13.0
360,360:bcd88ab6,2,An interviewer rates the beauty of a random parent on a scale from 1 to 5. The rating of that parent is 2. Is the parent's first child a girl?,0.45,jev-1.13.0
361,361:ac306cae,4,An interviewer rates the beauty of a random parent on a scale from 1 to 5. The rating of that parent is 4. Is the parent's first child a girl?,0.43,jev-1.13.0
362,362:f9257b1f,3,An interviewer rates the beauty of a random parent on a scale from 1 to 5. The rating of that parent is 3. Is the parent's first child a girl?,0.45,jev-1.13.0
363,363:e590404a,1,An interviewer rates the beauty of a random parent on a scale from 1 to 5. The rating of that parent is 1. Is the parent's first child a girl?,0.45,jev-1.13.0
364,364:88408131,4,An interviewer rates the beauty of a random parent on a scale from 1 to 5. The rating of that parent is 4. Is the parent's first child a girl?,0.44,jev-1.13.0
365,365:80dd1ee0,1,An interviewer rates the beauty of a random parent on a scale from 1 to 5. The rating of that parent is 1. Is the parent's first child a girl?,0.42,jev-1.13.0
366,366:b1d84c04,4,An interviewer rates the beauty of a random parent on a scale from 1 to 5. The rating of that parent is 4. Is the parent's first child a girl?,0.43,jev-1.13.0
367,367:fb8c709b,5,An interviewer rates the beauty of a random parent on a scale from 1 to 5. The rating of that parent is 5. Is the parent's first child a girl?,0.42,jev-1.13.0
368,368:f501df95,3,An interviewer rates the beauty of a random parent on a scale from 1 to 5. The rating of that parent is 3. Is the parent's first child a girl?,0.46,jev-1.13.0
369,369:e7def093,4,An interviewer rates the beauty of a random parent on a scale from 1 to 5. The rating of that parent is 4. Is the parent's first child a girl?,0.44,jev-1.13.0
370,370:9c412739,5,An interviewer rates the beauty of a random parent on a scale from 1 to 5. The rating of that parent is 5. Is the parent's first child a girl?,0.43,jev-1.13.0
371,371:8e34fc5b,4,An interviewer rates the beauty of a random parent on a scale from 1 to 5. The rating of that parent is 4. Is the parent's first child a girl?,0.44,jev-1.13.0
372,372:dfe1f945,5,An interviewer rates the beauty of a random parent on a scale from 1 to 5. The rating of that parent is 5. Is the parent's first child a girl?,0.44,jev-1.13.0
373,373:0727cabc,2,An interviewer rates the beauty of a random parent on a scale from 1 to 5. The rating of that parent is 2. Is the parent's first child a girl?,0.45,jev-1.13.0
374,374:22285c9b,1,An interviewer rates the beauty of a random parent on a scale from 1 to 5. The rating of that parent is 1. Is the parent's first child a girl?,0.43,jev-1.13.0
375,375:0894b51e,1,An interviewer rates the beauty of a random parent on a scale from 1 to 5. The rating of that parent is 1. Is the parent's first child a girl?,0.44,jev-1.13.0
376,376:f12df00f,2,An interviewer rates the beauty of a random parent on a scale from 1 to 5. The rating of that parent is 2. Is the parent's first child a girl?,0.45,jev-1.13.0
377,377:cdd0d2f2,1,An interviewer rates the beauty of a random parent on a scale from 1 to 5. The rating of that parent is 1. Is the parent's first child a girl?,0.44,jev-1.13.0
378,378:7b644390,4,An interviewer rates the beauty of a random parent on a scale from 1 to 5. The rating of that parent is 4. Is the parent's first child a girl?,0.45,jev-1.13.0
379,379:8cda317d,4,An interviewer rates the beauty of a random parent on a scale from 1 to 5. The rating of that parent is 4. Is the parent's first child a girl?,0.45,jev-1.13.0
380,380:1ea59220,1,An interviewer rates the beauty of a random parent on a scale from 1 to 5. The rating of that parent is 1. Is the parent's first child a girl?,0.42,jev-1.13.0
381,381:47be8487,3,An interviewer rates the beauty of a random parent on a scale from 1 to 5. The rating of that parent is 3. Is the parent's first child a girl?,0.46,jev-1.13.0
382,382:a3ac66fb,2,An interviewer rates the beauty of a random parent on a scale from 1 to 5. The rating of that parent is 2. Is the parent's first child a girl?,0.46,jev-1.13.0
383,383:88c89f18,5,An interviewer rates the beauty of a random parent on a scale from 1 to 5. The rating of that parent is 5. Is the parent's first child a girl?,0.43,jev-1.13.0
384,384:3dd723a8,4,An interviewer rates the beauty of a random parent on a scale from 1 to 5. The rating of that parent is 4. Is the parent's first child a girl?,0.45,jev-1.13.0
385,385:bd0a0431,3,An interviewer rates the beauty of a random parent on a scale from 1 to 5. The rating of that parent is 3. Is the parent's first child a girl?,0.47,jev-1.13.0
386,386:36959f9e,3,An interviewer rates the beauty of a random parent on a scale from 1 to 5. The rating of that parent is 3. Is the parent's first child a girl?,0.46,jev-1.13.0
387,387:790f7668,5,An interviewer rates the beauty of a random parent on a scale from 1 to 5. The rating of that parent is 5. Is the parent's first child a girl?,0.43,jev-1.13.0
388,388:2552201a,3,An interviewer rates the beauty of a random parent on a scale from 1 to 5. The rating of that parent is 3. Is the parent's first child a girl?,0.47,jev-1.13.0
389,389:26a58615,2,An interviewer rates the beauty of a random parent on a scale from 1 to 5. The rating of that parent is 2. Is the parent's first child a girl?,0.46,jev-1.13.0
390,390:2dbc65c9,4,An interviewer rates the beauty of a random parent on a scale from 1 to 5. The rating of that parent is 4. Is the parent's first child a girl?,0.45,jev-1.13.0
391,391:91a0a90d,3,An interviewer rates the beauty of a random parent on a scale from 1 to 5. The rating of that parent is 3. Is the parent's first child a girl?,0.44,jev-1.13.0
392,392:ae8292c1,4,An interviewer rates the beauty of a random parent on a scale from 1 to 5. The rating of that parent is 4. Is the parent's first child a girl?,0.43,jev-1.13.0
393,393:84734625,2,An interviewer rates the beauty of a random parent on a scale from 1 to 5. The rating of that parent is 2. Is the parent's first child a girl?,0.46,jev-1.13.0
394,394:c9c8bbad,2,An interviewer rates the beauty of a random parent on a scale from 1 to 5. The rating of that parent is 2. Is the parent's first child a girl?,0.45,jev-1.13.0
395,395:004c9332,4,An interviewer rates the beauty of a random parent on a scale from 1 to 5. The rating of that parent is 4. Is the parent's first child a girl?,0.45,jev-1.13.0
396,396:55cc3428,3,An interviewer rates the beauty of a random parent on a scale from 1 to 5. The rating of that parent is 3. Is the parent's first child a girl?,0.46,jev-1.13.0
397,397:1cfe10df,1,An interviewer rates the beauty of a random parent on a scale from 1 to 5. The rating of that parent is 1. Is the parent's first child a girl?,0.45,jev-1.13.0
398,398:e3bbe196,5,An interviewer rates the beauty of a random parent on a scale from 1 to 5. The rating of that parent is 5. Is the parent's first child a girl?,0.44,jev-1.13.0
399,399:909ab5c0,4,An interviewer rates the beauty of a random parent on a scale from 1 to 5. The rating of that parent is 4. Is the parent's first child a girl?,0.44,jev-1.13.0
400,400:cdf7ef3a,4,An interviewer rates the beauty of a random parent on a scale from 1 to 5. The rating of that parent is 4. Is the parent's first child a girl?,0.45,jev-1.13.0
401,401:0c6d5a60,4,An interviewer rates the beauty of a random parent on a scale from 1 to 5. The rating of that parent is 4. Is the parent's first child a girl?,0.43,jev-1.13.0
402,402:8642223d,4,An interviewer rates the beauty of a random parent on a scale from 1 to 5. The rating of that parent is 4. Is the parent's first child a girl?,0.44,jev-1.13.0
403,403:22781ada,5,An interviewer rates the beauty of a random parent on a scale from 1 to 5. The rating of that parent is 5. Is the parent's first child a girl?,0.42,jev-1.13.0
404,404:b0b778d1,2,An interviewer rates the beauty of a random parent on a scale from 1 to 5. The rating of that parent is 2. Is the parent's first child a girl?,0.45,jev-1.13.0
405,405:e1b3b675,1,An interviewer rates the beauty of a random parent on a scale from 1 to 5. The rating of that parent is 1. Is the parent's first child a girl?,0.44,jev-1.13.0
406,406:0ca898a0,4,An interviewer rates the beauty of a random parent on a scale from 1 to 5. The rating of that parent is 4. Is the parent's first child a girl?,0.44,jev-1.13.0
407,407:4a790983,3,An interviewer rates the beauty of a random parent on a scale from 1 to 5. The rating of that parent is 3. Is the parent's first child a girl?,0.44,jev-1.13.0
408,408:b4fab23a,2,An interviewer rates the beauty of a random parent on a scale from 1 to 5. The rating of that parent is 2. Is the parent's first child a girl?,0.46,jev-1.13.0
409,409:ccea0ad2,1,An interviewer rates the beauty of a random parent on a scale from 1 to 5. The rating of that parent is 1. Is the parent's first child a girl?,0.43,jev-1.13.0
410,410:975adb4b,3,An interviewer rates the beauty of a random parent on a scale from 1 to 5. The rating of that parent is 3. Is the parent's first child a girl?,0.46,jev-1.13.0
411,411:26bd7ec6,3,An interviewer rates the beauty of a random parent on a scale from 1 to 5. The rating of that parent is 3. Is the parent's first child a girl?,0.46,jev-1.13.0
412,412:c4a6161b,2,An interviewer rates the beauty of a random parent on a scale from 1 to 5. The rating of that parent is 2. Is the parent's first child a girl?,0.45,jev-1.13.0
413,413:09331f62,2,An interviewer rates the beauty of a random parent on a scale from 1 to 5. The rating of that parent is 2. Is the parent's first child a girl?,0.44,jev-1.13.0
414,414:ffc61531,4,An interviewer rates the beauty of a random parent on a scale from 1 to 5. The rating of that parent is 4. Is the parent's first child a girl?,0.43,jev-1.13.0
415,415:f07f6a8b,4,An interviewer rates the beauty of a random parent on a scale from 1 to 5. The rating of that parent is 4. Is the parent's first child a girl?,0.44,jev-1.13.0
416,416:de8abcb5,5,An interviewer rates the beauty of a random parent on a scale from 1 to 5. The rating of that parent is 5. Is the parent's first child a girl?,0.42,jev-1.13.0
417,417:0b23a6d5,4,An interviewer rates the beauty of a random parent on a scale from 1 to 5. The rating of that parent is 4. Is the parent's first child a girl?,0.44,jev-1.13.0
418,418:ecffc3a9,2,An interviewer rates the beauty of a random parent on a scale from 1 to 5. The rating of that parent is 2. Is the parent's first child a girl?,0.44,jev-1.13.0
419,419:4c5dac6f,4,An interviewer rates the beauty of a random parent on a scale from 1 to 5. The rating of that parent is 4. Is the parent's first child a girl?,0.45,jev-1.13.0
420,420:cdf08fb0,4,An interviewer rates the beauty of a random parent on a scale from 1 to 5. The rating of that parent is 4. Is the parent's first child a girl?,0.44,jev-1.13.0
421,421:99516abc,2,An interviewer rates the beauty of a random parent on a scale from 1 to 5. The rating of that parent is 2. Is the parent's first child a girl?,0.44,jev-1.13.0
422,422:c116792e,4,An interviewer rates the beauty of a random parent on a scale from 1 to 5. The rating of that parent is 4. Is the parent's first child a girl?,0.45,jev-1.13.0
423,423:ea9c51f4,1,An interviewer rates the beauty of a random parent on a scale from 1 to 5. The rating of that parent is 1. Is the parent's first child a girl?,0.45,jev-1.13.0
424,424:d447354a,5,An interviewer rates the beauty of a random parent on a scale from 1 to 5. The rating of that parent is 5. Is the parent's first child a girl?,0.43,jev-1.13.0
425,425:18c12ae3,2,An interviewer rates the beauty of a random parent on a scale from 1 to 5. The rating of that parent is 2. Is the parent's first child a girl?,0.45,jev-1.13.0
426,426:b4264408,1,An interviewer rates the beauty of a random parent on a scale from 1 to 5. The rating of that parent is 1. Is the parent's first child a girl?,0.42,jev-1.13.0
427,427:6b6562c7,3,An interviewer rates the beauty of a random parent on a scale from 1 to 5. The rating of that parent is 3. Is the parent's first child a girl?,0.46,jev-1.13.0
428,428:733646cb,1,An interviewer rates the beauty of a random parent on a scale from 1 to 5. The rating of that parent is 1. Is the parent's first child a girl?,0.43,jev-1.13.0
429,429:b54956be,2,An interviewer rates the beauty of a random parent on a scale from 1 to 5. The rating of that parent is 2. Is the parent's first child a girl?,0.46,jev-1.13.0
430,430:19c3ca9d,5,An interviewer rates the beauty of a random parent on a scale from 1 to 5. The rating of that parent is 5. Is the parent's first child a girl?,0.43,jev-1.13.0
431,431:6188240f,2,An interviewer rates the beauty of a random parent on a scale from 1 to 5. The rating of that parent is 2. Is the parent's first child a girl?,0.45,jev-1.13.0
432,432:e02f32cc,1,An interviewer rates the beauty of a random parent on a scale from 1 to 5. The rating of that parent is 1. Is the parent's first child a girl?,0.44,jev-1.13.0
433,433:1f3178c3,2,An interviewer rates the beauty of a random parent on a scale from 1 to 5. The rating of that parent is 2. Is the parent's first child a girl?,0.45,jev-1.13.0
434,434:6dd6d46c,1,An interviewer rates the beauty of a random parent on a scale from 1 to 5. The rating of that parent is 1. Is the parent's first child a girl?,0.44,jev-1.13.0
435,435:3834fd0a,2,An interviewer rates the beauty of a random parent on a scale from 1 to 5. The rating of that parent is 2. Is the parent's first child a girl?,0.45,jev-1.13.0
436,436:48f262ec,5,An interviewer rates the beauty of a random parent on a scale from 1 to 5. The rating of that parent is 5. Is the parent's first child a girl?,0.42,jev-1.13.0
437,437:a0be424a,1,An interviewer rates the beauty of a random parent on a scale from 1 to 5. The rating of that parent is 1. Is the parent's first child a girl?,0.44,jev-1.13.0
438,438:b66307b3,1,An interviewer rates the beauty of a random parent on a scale from 1 to 5. The rating of that parent is 1. Is the parent's first child a girl?,0.44,jev-1.13.0
439,439:ec2544ef,2,An interviewer rates the beauty of a random parent on a scale from 1 to 5. The rating of that parent is 2. Is the parent's first child a girl?,0.44,jev-1.13.0
440,440:1b89bef4,4,An interviewer rates the beauty of a random parent on a scale from 1 to 5. The rating of that parent is 4. Is the parent's first child a girl?,0.43,jev-1.13.0
441,441:45fd830f,1,An interviewer rates the beauty of a random parent on a scale from 1 to 5. The rating of that parent is 1. Is the parent's first child a girl?,0.44,jev-1.13.0
442,442:bee8ca95,5,An interviewer rates the beauty of a random parent on a scale from 1 to 5. The rating of that parent is 5. Is the parent's first child a girl?,0.44,jev-1.13.0
443,443:e8967fcb,4,An interviewer rates the beauty of a random parent on a scale from 1 to 5. The rating of that parent is 4. Is the parent's first child a girl?,0.45,jev-1.13.0
444,444:e6d36bbb,2,An interviewer rates the beauty of a random parent on a scale from 1 to 5. The rating of that parent is 2. Is the parent's first child a girl?,0.45,jev-1.13.0
445,445:2e7eb605,3,An interviewer rates the beauty of a random parent on a scale from 1 to 5. The rating of that parent is 3. Is the parent's first child a girl?,0.46,jev-1.13.0
446,446:5b549ae2,2,An interviewer rates the beauty of a random parent on a scale from 1 to 5. The rating of that parent is 2. Is the parent's first child a girl?,0.44,jev-1.13.0
447,447:1e052c62,5,An interviewer rates the beauty of a random parent on a scale from 1 to 5. The rating of that parent is 5. Is the parent's first child a girl?,0.42,jev-1.13.0
448,448:c06aa3a8,4,An interviewer rates the beauty of a random parent on a scale from 1 to 5. The rating of that parent is 4. Is the parent's first child a girl?,0.45,jev-1.13.0
449,449:e0a19c9d,2,An interviewer rates the beauty of a random parent on a scale from 1 to 5. The rating of that parent is 2. Is the parent's first child a girl?,0.47,jev-1.13.0
450,450:4125fbc0,4,An interviewer rates the beauty of a random parent on a scale from 1 to 5. The rating of that parent is 4. Is the parent's first child a girl?,0.46,jev-1.13.0
451,451:dda7e7c6,1,An interviewer rates the beauty of a random parent on a scale from 1 to 5. The rating of that parent is 1. Is the parent's first child a girl?,0.43,jev-1.13.0
452,452:642ec4df,1,An interviewer rates the beauty of a random parent on a scale from 1 to 5. The rating of that parent is 1. Is the parent's first child a girl?,0.45,jev-1.13.0
453,453:3a336504,1,An interviewer rates the beauty of a random parent on a scale from 1 to 5. The rating of that parent is 1. Is the parent's first child a girl?,0.43,jev-1.13.0
454,454:bb99b1fd,4,An interviewer rates the beauty of a random parent on a scale from 1 to 5. The rating of that parent is 4. Is the parent's first child a girl?,0.44,jev-1.13.0
455,455:9bad9274,5,An interviewer rates the beauty of a random parent on a scale from 1 to 5. The rating of that parent is 5. Is the parent's first child a girl?,0.42,jev-1.13.0
456,456:cceef974,2,An interviewer rates the beauty of a random parent on a scale from 1 to 5. The rating of that parent is 2. Is the parent's first child a girl?,0.44,jev-1.13.0
457,457:82ee3e21,2,An interviewer rates the beauty of a random parent on a scale from 1 to 5. The rating of that parent is 2. Is the parent's first child a girl?,0.46,jev-1.13.0
458,458:383e75cf,5,An interviewer rates the beauty of a random parent on a scale from 1 to 5. The rating of that parent is 5. Is the parent's first child a girl?,0.41,jev-1.13.0
459,459:a263113b,4,An interviewer rates the beauty of a random parent on a scale from 1 to 5. The rating of that parent is 4. Is the parent's first child a girl?,0.44,jev-1.13.0
460,460:432539e5,4,An interviewer rates the beauty of a random parent on a scale from 1 to 5. The rating of that parent is 4. Is the parent's first child a girl?,0.46,jev-1.13.0
461,461:bc04d7a8,2,An interviewer rates the beauty of a random parent on a scale from 1 to 5. The rating of that parent is 2. Is the parent's first child a girl?,0.44,jev-1.13.0
462,462:5b4c1255,4,An interviewer rates the beauty of a random parent on a scale from 1 to 5. The rating of that parent is 4. Is the parent's first child a girl?,0.44,jev-1.13.0
463,463:c8335437,5,An interviewer rates the beauty of a random parent on a scale from 1 to 5. The rating of that parent is 5. Is the parent's first child a girl?,0.43,jev-1.13.0
464,464:7f9731c1,5,An interviewer rates the beauty of a random parent on a scale from 1 to 5. The rating of that parent is 5. Is the parent's first child a girl?,0.4,jev-1.13.0
465,465:198edb81,3,An interviewer rates the beauty of a random parent on a scale from 1 to 5. The rating of that parent is 3. Is the parent's first child a girl?,0.46,jev-1.13.0
466,466:53f93a17,1,An interviewer rates the beauty of a random parent on a scale from 1 to 5. The rating of that parent is 1. Is the parent's first child a girl?,0.43,jev-1.13.0
467,467:2bc49ff2,2,An interviewer rates the beauty of a random parent on a scale from 1 to 5. The rating of that parent is 2. Is the parent's first child a girl?,0.45,jev-1.13.0
468,468:0954b217,1,An interviewer rates the beauty of a random parent on a scale from 1 to 5. The rating of that parent is 1. Is the parent's first child a girl?,0.44,jev-1.13.0
469,469:bd9518ec,3,An interviewer rates the beauty of a random parent on a scale from 1 to 5. The rating of that parent is 3. Is the parent's first child a girl?,0.46,jev-1.13.0
470,470:53c4c7ba,2,An interviewer rates the beauty of a random parent on a scale from 1 to 5. The rating of that parent is 2. Is the parent's first child a girl?,0.45,jev-1.13.0
471,471:a1f9d949,4,An interviewer rates the beauty of a random parent on a scale from 1 to 5. The rating of that parent is 4. Is the parent's first child a girl?,0.45,jev-1.13.0
472,472:1aa9d75b,2,An interviewer rates the beauty of a random parent on a scale from 1 to 5. The rating of that parent is 2. Is the parent's first child a girl?,0.45,jev-1.13.0
473,473:d9db1850,4,An interviewer rates the beauty of a random parent on a scale from 1 to 5. The rating of that parent is 4. Is the parent's first child a girl?,0.45,jev-1.13.0
474,474:90ca8f24,3,An interviewer rates the beauty of a random parent on a scale from 1 to 5. The rating of that parent is 3. Is the parent's first child a girl?,0.47,jev-1.13.0
475,475:5f6ed2cd,4,An interviewer rates the beauty of a random parent on a scale from 1 to 5. The rating of that parent is 4. Is the parent's first child a girl?,0.44,jev-1.13.0
476,476:4d030243,3,An interviewer rates the beauty of a random parent on a scale from 1 to 5. The rating of that parent is 3. Is the parent's first child a girl?,0.46,jev-1.13.0
477,477:651edd52,5,An interviewer rates the beauty of a random parent on a scale from 1 to 5. The rating of that parent is 5. Is the parent's first child a girl?,0.43,jev-1.13.0
478,478:2669d841,4,An interviewer rates the beauty of a random parent on a scale from 1 to 5. The rating of that parent is 4. Is the parent's first child a girl?,0.45,jev-1.13.0
479,479:09c18b8a,4,An interviewer rates the beauty of a random parent on a scale from 1 to 5. The rating of that parent is 4. Is the parent's first child a girl?,0.44,jev-1.13.0
480,480:658afd29,4,An interviewer rates the beauty of a random parent on a scale from 1 to 5. The rating of that parent is 4. Is the parent's first child a girl?,0.44,jev-1.13.0
481,481:75629975,4,An interviewer rates the beauty of a random parent on a scale from 1 to 5. The rating of that parent is 4. Is the parent's first child a girl?,0.45,jev-1.13.0
482,482:32871cb6,3,An interviewer rates the beauty of a random parent on a scale from 1 to 5. The rating of that parent is 3. Is the parent's first child a girl?,0.47,jev-1.13.0
483,483:2fe60dc6,2,An interviewer rates the beauty of a random parent on a scale from 1 to 5. The rating of that parent is 2. Is the parent's first child a girl?,0.45,jev-1.13.0
484,484:1f98f5f9,2,An interviewer rates the beauty of a random parent on a scale from 1 to 5. The rating of that parent is 2. Is the parent's first child a girl?,0.45,jev-1.13.0
485,485:668f4776,2,An interviewer rates the beauty of a random parent on a scale from 1 to 5. The rating of that parent is 2. Is the parent's first child a girl?,0.45,jev-1.13.0
486,486:388782e0,4,An interviewer rates the beauty of a random parent on a scale from 1 to 5. The rating of that parent is 4. Is the parent's first child a girl?,0.45,jev-1.13.0
487,487:8544197e,5,An interviewer rates the beauty of a random parent on a scale from 1 to 5. The rating of that parent is 5. Is the parent's first child a girl?,0.41,jev-1.13.0
488,488:40d2d231,5,An interviewer rates the beauty of a random parent on a scale from 1 to 5. The rating of that parent is 5. Is the parent's first child a girl?,0.42,jev-1.13.0
489,489:895a3af8,1,An interviewer rates the beauty of a random parent on a scale from 1 to 5. The rating of that parent is 1. Is the parent's first child a girl?,0.43,jev-1.13.0
490,490:e7d331c8,2,An interviewer rates the beauty of a random parent on a scale from 1 to 5. The rating of that parent is 2. Is the parent's first child a girl?,0.45,jev-1.13.0
491,491:6d25fd54,2,An interviewer rates the beauty of a random parent on a scale from 1 to 5. The rating of that parent is 2. Is the parent's first child a girl?,0.46,jev-1.13.0
492,492:a7025654,2,An interviewer rates the beauty of a random parent on a scale from 1 to 5. The rating of that parent is 2. Is the parent's first child a girl?,0.45,jev-1.13.0
493,493:7a3376c9,2,An interviewer rates the beauty of a random parent on a scale from 1 to 5. The rating of that parent is 2. Is the parent's first child a girl?,0.46,jev-1.13.0
494,494:7aeb2fbb,4,An interviewer rates the beauty of a random parent on a scale from 1 to 5. The rating of that parent is 4. Is the parent's first child a girl?,0.45,jev-1.13.0
495,495:b8ac464a,2,An interviewer rates the beauty of a random parent on a scale from 1 to 5. The rating of that parent is 2. Is the parent's first child a girl?,0.45,jev-1.13.0
496,496:376de030,4,An interviewer rates the beauty of a random parent on a scale from 1 to 5. The rating of that parent is 4. Is the parent's first child a girl?,0.44,jev-1.13.0
497,497:70a54eea,3,An interviewer rates the beauty of a random parent on a scale from 1 to 5. The rating of that parent is 3. Is the parent's first child a girl?,0.46,jev-1.13.0
498,498:2b043a5c,5,An interviewer rates the beauty of a random parent on a scale from 1 to 5. The rating of that parent is 5. Is the parent's first child a girl?,0.42,jev-1.13.0
499,499:083d82cf,5,An interviewer rates the beauty of a random parent on a scale from 1 to 5. The rating of that parent is 5. Is the parent's first child a girl?,0.42,jev-1.13.0
500,500:6a7d4d8c,4,An interviewer rates the beauty of a random parent on a scale from 1 to 5. The rating of that parent is 4. Is the parent's first child a girl?,0.44,jev-1.13.0
501,501:377b91ff,5,An interviewer rates the beauty of a random parent on a scale from 1 to 5. The rating of that parent is 5. Is the parent's first child a girl?,0.43,jev-1.13.0
502,502:632675a1,5,An interviewer rates the beauty of a random parent on a scale from 1 to 5. The rating of that parent is 5. Is the parent's first child a girl?,0.43,jev-1.13.0
503,503:5e05adac,1,An interviewer rates the beauty of a random parent on a scale from 1 to 5. The rating of that parent is 1. Is the parent's first child a girl?,0.45,jev-1.13.0
504,504:6883190f,4,An interviewer rates the beauty of a random parent on a scale from 1 to 5. The rating of that parent is 4. Is the parent's first child a girl?,0.45,jev-1.13.0
505,505:e60ca3ea,3,An interviewer rates the beauty of a random parent on a scale from 1 to 5. The rating of that parent is 3. Is the parent's first child a girl?,0.46,jev-1.13.0
506,506:6af9b385,2,An interviewer rates the beauty of a random parent on a scale from 1 to 5. The rating of that parent is 2. Is the parent's first child a girl?,0.45,jev-1.13.0
507,507:1e0a71e1,3,An interviewer rates the beauty of a random parent on a scale from 1 to 5. The rating of that parent is 3. Is the parent's first child a girl?,0.47,jev-1.13.0
508,508:5d7a7aab,2,An interviewer rates the beauty of a random parent on a scale from 1 to 5. The rating of that parent is 2. Is the parent's first child a girl?,0.44,jev-1.13.0
509,509:39e8b7c8,1,An interviewer rates the beauty of a random parent on a scale from 1 to 5. The rating of that parent is 1. Is the parent's first child a girl?,0.44,jev-1.13.0
510,510:02819423,4,An interviewer rates the beauty of a random parent on a scale from 1 to 5. The rating of that parent is 4. Is the parent's first child a girl?,0.44,jev-1.13.0
511,511:117bfbdb,1,An interviewer rates the beauty of a random parent on a scale from 1 to 5. The rating of that parent is 1. Is the parent's first child a girl?,0.44,jev-1.13.0
512,512:60caab95,1,An interviewer rates the beauty of a random parent on a scale from 1 to 5. The rating of that parent is 1. Is the parent's first child a girl?,0.43,jev-1.13.0
513,513:347a0732,5,An interviewer rates the beauty of a random parent on a scale from 1 to 5. The rating of that parent is 5. Is the parent's first child a girl?,0.43,jev-1.13.0
514,514:e851d40c,2,An interviewer rates the beauty of a random parent on a scale from 1 to 5. The rating of that parent is 2. Is the parent's first child a girl?,0.45,jev-1.13.0
515,515:4f1e2c1f,4,An interviewer rates the beauty of a random parent on a scale from 1 to 5. The rating of that parent is 4. Is the parent's first child a girl?,0.45,jev-1.13.0
516,516:e7932558,5,An interviewer rates the beauty of a random parent on a scale from 1 to 5. The rating of that parent is 5. Is the parent's first child a girl?,0.42,jev-1.13.0
517,517:91bcf534,1,An interviewer rates the beauty of a random parent on a scale from 1 to 5. The rating of that parent is 1. Is the parent's first child a girl?,0.43,jev-1.13.0
518,518:28f70291,5,An interviewer rates the beauty of a random parent on a scale from 1 to 5. The rating of that parent is 5. Is the parent's first child a girl?,0.42,jev-1.13.0
519,519:c9a091e0,2,An interviewer rates the beauty of a random parent on a scale from 1 to 5. The rating of that parent is 2. Is the parent's first child a girl?,0.45,jev-1.13.0
520,520:9a977111,4,An interviewer rates the beauty of a random parent on a scale from 1 to 5. The rating of that parent is 4. Is the parent's first child a girl?,0.45,jev-1.13.0
521,521:ec8212e4,5,An interviewer rates the beauty of a random parent on a scale from 1 to 5. The rating of that parent is 5. Is the parent's first child a girl?,0.41,jev-1.13.0
522,522:dc2442c0,2,An interviewer rates the beauty of a random parent on a scale from 1 to 5. The rating of that parent is 2. Is the parent's first child a girl?,0.46,jev-1.13.0
523,523:85dbe617,1,An interviewer rates the beauty of a random parent on a scale from 1 to 5. The rating of that parent is 1. Is the parent's first child a girl?,0.44,jev-1.13.0
524,524:d8840118,1,An interviewer rates the beauty of a random parent on a scale from 1 to 5. The rating of that parent is 1. Is the parent's first child a girl?,0.43,jev-1.13.0
525,525:0c1fd2b2,3,An interviewer rates the beauty of a random parent on a scale from 1 to 5. The rating of that parent is 3. Is the parent's first child a girl?,0.46,jev-1.13.0
526,526:dfadf404,2,An interviewer rates the beauty of a random parent on a scale from 1 to 5. The rating of that parent is 2. Is the parent's first child a girl?,0.45,jev-1.13.0
527,527:184741ab,1,An interviewer rates the beauty of a random parent on a scale from 1 to 5. The rating of that parent is 1. Is the parent's first child a girl?,0.43,jev-1.13.0
528,528:bcf37f67,3,An interviewer rates the beauty of a random parent on a scale from 1 to 5. The rating of that parent is 3. Is the parent's first child a girl?,0.47,jev-1.13.0
529,529:b98f7eca,1,An interviewer rates the beauty of a random parent on a scale from 1 to 5. The rating of that parent is 1. Is the parent's first child a girl?,0.45,jev-1.13.0
530,530:8ef69da4,3,An interviewer rates the beauty of a random parent on a scale from 1 to 5. The rating of that parent is 3. Is the parent's first child a girl?,0.47,jev-1.13.0
531,531:5613ab4c,5,An interviewer rates the beauty of a random parent on a scale from 1 to 5. The rating of that parent is 5. Is the parent's first child a girl?,0.42,jev-1.13.0
532,532:5ccce9b0,1,An interviewer rates the beauty of a random parent on a scale from 1 to 5. The rating of that parent is 1. Is the parent's first child a girl?,0.43,jev-1.13.0
533,533:a5052eaa,3,An interviewer rates the beauty of a random parent on a scale from 1 to 5. The rating of that parent is 3. Is the parent's first child a girl?,0.46,jev-1.13.0
534,534:dc2c8961,3,An interviewer rates the beauty of a random parent on a scale from 1 to 5. The rating of that parent is 3. Is the parent's first child a girl?,0.46,jev-1.13.0
535,535:13e7a96d,2,An interviewer rates the beauty of a random parent on a scale from 1 to 5. The rating of that parent is 2. Is the parent's first child a girl?,0.45,jev-1.13.0
536,536:b1c1abc3,2,An interviewer rates the beauty of a random parent on a scale from 1 to 5. The rating of that parent is 2. Is the parent's first child a girl?,0.44,jev-1.13.0
537,537:207154b6,4,An interviewer rates the beauty of a random parent on a scale from 1 to 5. The rating of that parent is 4. Is the parent's first child a girl?,0.44,jev-1.13.0
538,538:05dd6b91,3,An interviewer rates the beauty of a random parent on a scale from 1 to 5. The rating of that parent is 3. Is the parent's first child a girl?,0.46,jev-1.13.0
539,539:ad872105,3,An interviewer rates the beauty of a random parent on a scale from 1 to 5. The rating of that parent is 3. Is the parent's first child a girl?,0.47,jev-1.13.0
540,540:4147410d,5,An interviewer rates the beauty of a random parent on a scale from 1 to 5. The rating of that parent is 5. Is the parent's first child a girl?,0.44,jev-1.13.0
541,541:5ec25b93,4,An interviewer rates the beauty of a random parent on a scale from 1 to 5. The rating of that parent is 4. Is the parent's first child a girl?,0.45,jev-1.13.0
542,542:c1ff6272,2,An interviewer rates the beauty of a random parent on a scale from 1 to 5. The rating of that parent is 2. Is the parent's first child a girl?,0.46,jev-1.13.0
543,543:dc16da26,3,An interviewer rates the beauty of a random parent on a scale from 1 to 5. The rating of that parent is 3. Is the parent's first child a girl?,0.46,jev-1.13.0
544,544:2a028597,1,An interviewer rates the beauty of a random parent on a scale from 1 to 5. The rating of that parent is 1. Is the parent's first child a girl?,0.44,jev-1.13.0
545,545:dcf6a44d,1,An interviewer rates the beauty of a random parent on a scale from 1 to 5. The rating of that parent is 1. Is the parent's first child a girl?,0.45,jev-1.13.0
546,546:8fea1c9d,3,An interviewer rates the beauty of a random parent on a scale from 1 to 5. The rating of that parent is 3. Is the parent's first child a girl?,0.46,jev-1.13.0
547,547:7365bb5b,1,An interviewer rates the beauty of a random parent on a scale from 1 to 5. The rating of that parent is 1. Is the parent's first child a girl?,0.43,jev-1.13.0
548,548:5f1608b3,3,An interviewer rates the beauty of a random parent on a scale from 1 to 5. The rating of that parent is 3. Is the parent's first child a girl?,0.46,jev-1.13.0
549,549:2296e5e5,5,An interviewer rates the beauty of a random parent on a scale from 1 to 5. The rating of that parent is 5. Is the parent's first child a girl?,0.42,jev-1.13.0
550,550:8cae75c7,1,An interviewer rates the beauty of a random parent on a scale from 1 to 5. The rating of that parent is 1. Is the parent's first child a girl?,0.45,jev-1.13.0
551,551:03b5a5bf,1,An interviewer rates the beauty of a random parent on a scale from 1 to 5. The rating of that parent is 1. Is the parent's first child a girl?,0.45,jev-1.13.0
552,552:c4923aca,5,An interviewer rates the beauty of a random parent on a scale from 1 to 5. The rating of that parent is 5. Is the parent's first child a girl?,0.42,jev-1.13.0
553,553:b17921ab,4,An interviewer rates the beauty of a random parent on a scale from 1 to 5. The rating of that parent is 4. Is the parent's first child a girl?,0.44,jev-1.13.0
554,554:16336692,4,An interviewer rates the beauty of a random parent on a scale from 1 to 5. The rating of that parent is 4. Is the parent's first child a girl?,0.43,jev-1.13.0
555,555:a7f2b419,3,An interviewer rates the beauty of a random parent on a scale from 1 to 5. The rating of that parent is 3. Is the parent's first child a girl?,0.47,jev-1.13.0
556,556:95ca9241,2,An interviewer rates the beauty of a random parent on a scale from 1 to 5. The rating of that parent is 2. Is the parent's first child a girl?,0.46,jev-1.13.0
557,557:24964ddc,4,An interviewer rates the beauty of a random parent on a scale from 1 to 5. The rating of that parent is 4. Is the parent's first child a girl?,0.46,jev-1.13.0
558,558:2c48f808,3,An interviewer rates the beauty of a random parent on a scale from 1 to 5. The rating of that parent is 3. Is the parent's first child a girl?,0.45,jev-1.13.0
559,559:27fd7237,3,An interviewer rates the beauty of a random parent on a scale from 1 to 5. The rating of that parent is 3. Is the parent's first child a girl?,0.47,jev-1.13.0
560,560:d11df132,2,An interviewer rates the beauty of a random parent on a scale from 1 to 5. The rating of that parent is 2. Is the parent's first child a girl?,0.45,jev-1.13.0
561,561:937d32f3,1,An interviewer rates the beauty of a random parent on a scale from 1 to 5. The rating of that parent is 1. Is the parent's first child a girl?,0.44,jev-1.13.0
562,562:55ee82ff,4,An interviewer rates the beauty of a random parent on a scale from 1 to 5. The rating of that parent is 4. Is the parent's first child a girl?,0.45,jev-1.13.0
563,563:bdfa138a,1,An interviewer rates the beauty of a random parent on a scale from 1 to 5. The rating of that parent is 1. Is the parent's first child a girl?,0.44,jev-1.13.0
564,564:8ae08005,3,An interviewer rates the beauty of a random parent on a scale from 1 to 5. The rating of that parent is 3. Is the parent's first child a girl?,0.46,jev-1.13.0
565,565:936441f6,3,An interviewer rates the beauty of a random parent on a scale from 1 to 5. The rating of that parent is 3. Is the parent's first child a girl?,0.47,jev-1.13.0
566,566:8874f904,5,An interviewer rates the beauty of a random parent on a scale from 1 to 5. The rating of that parent is 5. Is the parent's first child a girl?,0.42,jev-1.13.0
567,567:fb5fbf2f,2,An interviewer rates the beauty of a random parent on a scale from 1 to 5. The rating of that parent is 2. Is the parent's first child a girl?,0.45,jev-1.13.0
568,568:91139ca7,1,An interviewer rates the beauty of a random parent on a scale from 1 to 5. The rating of that parent is 1. Is the parent's first child a girl?,0.43,jev-1.13.0
569,569:94b00799,5,An interviewer rates the beauty of a random parent on a scale from 1 to 5. The rating of that parent is 5. Is the parent's first child a girl?,0.42,jev-1.13.0
570,570:3279d183,1,An interviewer rates the beauty of a random parent on a scale from 1 to 5. The rating of that parent is 1. Is the parent's first child a girl?,0.44,jev-1.13.0
571,571:aeaaac85,2,An interviewer rates the beauty of a random parent on a scale from 1 to 5. The rating of that parent is 2. Is the parent's first child a girl?,0.45,jev-1.13.0
572,572:d3666491,1,An interviewer rates the beauty of a random parent on a scale from 1 to 5. The rating of that parent is 1. Is the parent's first child a girl?,0.45,jev-1.13.0
573,573:cebed7bf,4,An interviewer rates the beauty of a random parent on a scale from 1 to 5. The rating of that parent is 4. Is the parent's first child a girl?,0.46,jev-1.13.0
574,574:7f317253,5,An interviewer rates the beauty of a random parent on a scale from 1 to 5. The rating of that parent is 5. Is the parent's first child a girl?,0.43,jev-1.13.0
575,575:384151b5,4,An interviewer rates the beauty of a random parent on a scale from 1 to 5. The rating of that parent is 4. Is the parent's first child a girl?,0.45,jev-1.13.0
576,576:26ab1b82,5,An interviewer rates the beauty of a random parent on a scale from 1 to 5. The rating of that parent is 5. Is the parent's first child a girl?,0.41,jev-1.13.0
577,577:3cc3aac5,1,An interviewer rates the beauty of a random parent on a scale from 1 to 5. The rating of that parent is 1. Is the parent's first child a girl?,0.42,jev-1.13.0
578,578:cba0ab41,3,An interviewer rates the beauty of a random parent on a scale from 1 to 5. The rating of that parent is 3. Is the parent's first child a girl?,0.48,jev-1.13.0
579,579:e85c6102,5,An interviewer rates the beauty of a random parent on a scale from 1 to 5. The rating of that parent is 5. Is the parent's first child a girl?,0.41,jev-1.13.0
580,580:255ebd0d,1,An interviewer rates the beauty of a random parent on a scale from 1 to 5. The rating of that parent is 1. Is the parent's first child a girl?,0.45,jev-1.13.0
581,581:0cfdeb18,5,An interviewer rates the beauty of a random parent on a scale from 1 to 5. The rating of that parent is 5. Is the parent's first child a girl?,0.42,jev-1.13.0
582,582:a6d208e1,5,An interviewer rates the beauty of a random parent on a scale from 1 to 5. The rating of that parent is 5. Is the parent's first child a girl?,0.43,jev-1.13.0
583,583:26d91614,5,An interviewer rates the beauty of a random parent on a scale from 1 to 5. The rating of that parent is 5. Is the parent's first child a girl?,0.42,jev-1.13.0
584,584:ce7a10ea,5,An interviewer rates the beauty of a random parent on a scale from 1 to 5. The rating of that parent is 5. Is the parent's first child a girl?,0.43,jev-1.13.0
585,585:44a53973,1,An interviewer rates the beauty of a random parent on a scale from 1 to 5. The rating of that parent is 1. Is the parent's first child a girl?,0.43,jev-1.13.0
586,586:9f56b92b,1,An interviewer rates the beauty of a random parent on a scale from 1 to 5. The rating of that parent is 1. Is the parent's first child a girl?,0.45,jev-1.13.0
587,587:e3117191,5,An interviewer rates the beauty of a random parent on a scale from 1 to 5. The rating of that parent is 5. Is the parent's first child a girl?,0.42,jev-1.13.0
588,588:a25f35a5,3,An interviewer rates the beauty of a random parent on a scale from 1 to 5. The rating of that parent is 3. Is the parent's first child a girl?,0.46,jev-1.13.0
589,589:46d99fe1,3,An interviewer rates the beauty of a random parent on a scale from 1 to 5. The rating of that parent is 3. Is the parent's first child a girl?,0.48,jev-1.13.0
590,590:44e69fd8,4,An interviewer rates the beauty of a random parent on a scale from 1 to 5. The rating of that parent is 4. Is the parent's first child a girl?,0.45,jev-1.13.0
591,591:1bbb828d,2,An interviewer rates the beauty of a random parent on a scale from 1 to 5. The rating of that parent is 2. Is the parent's first child a girl?,0.44,jev-1.13.0
592,592:1d2eca91,4,An interviewer rates the beauty of a random parent on a scale from 1 to 5. The rating of that parent is 4. Is the parent's first child a girl?,0.45,jev-1.13.0
593,593:2011499d,5,An interviewer rates the beauty of a random parent on a scale from 1 to 5. The rating of that parent is 5. Is the parent's first child a girl?,0.43,jev-1.13.0
594,594:6b1d358e,3,An interviewer rates the beauty of a random parent on a scale from 1 to 5. The rating of that parent is 3. Is the parent's first child a girl?,0.46,jev-1.13.0
595,595:6fa678c4,5,An interviewer rates the beauty of a random parent on a scale from 1 to 5. The rating of that parent is 5. Is the parent's first child a girl?,0.43,jev-1.13.0
596,596:c509ffd8,4,An interviewer rates the beauty of a random parent on a scale from 1 to 5. The rating of that parent is 4. Is the parent's first child a girl?,0.44,jev-1.13.0
597,597:77747c29,4,An interviewer rates the beauty of a random parent on a scale from 1 to 5. The rating of that parent is 4. Is the parent's first child a girl?,0.45,jev-1.13.0
598,598:94b72ab6,2,An interviewer rates the beauty of a random parent on a scale from 1 to 5. The rating of that parent is 2. Is the parent's first child a girl?,0.47,jev-1.13.0
599,599:1dcf99e3,3,An interviewer rates the beauty of a random parent on a scale from 1 to 5. The rating of that parent is 3. Is the parent's first child a girl?,0.46,jev-1.13.0
600,600:f68721d2,5,An interviewer rates the beauty of a random parent on a scale from 1 to 5. The rating of that parent is 5. Is the parent's first child a girl?,0.43,jev-1.13.0
601,601:4448038f,2,An interviewer rates the beauty of a random parent on a scale from 1 to 5. The rating of that parent is 2. Is the parent's first child a girl?,0.46,jev-1.13.0
602,602:655da00b,4,An interviewer rates the beauty of a random parent on a scale from 1 to 5. The rating of that parent is 4. Is the parent's first child a girl?,0.44,jev-1.13.0
603,603:bfd87e28,2,An interviewer rates the beauty of a random parent on a scale from 1 to 5. The rating of that parent is 2. Is the parent's first child a girl?,0.44,jev-1.13.0
604,604:5e37b75b,4,An interviewer rates the beauty of a random parent on a scale from 1 to 5. The rating of that parent is 4. Is the parent's first child a girl?,0.45,jev-1.13.0
605,605:41bb5647,5,An interviewer rates the beauty of a random parent on a scale from 1 to 5. The rating of that parent is 5. Is the parent's first child a girl?,0.42,jev-1.13.0
606,606:6206feb9,3,An interviewer rates the beauty of a random parent on a scale from 1 to 5. The rating of that parent is 3. Is the parent's first child a girl?,0.46,jev-1.13.0
607,607:070df242,4,An interviewer rates the beauty of a random parent on a scale from 1 to 5. The rating of that parent is 4. Is the parent's first child a girl?,0.45,jev-1.13.0
608,608:92cbb9df,5,An interviewer rates the beauty of a random parent on a scale from 1 to 5. The rating of that parent is 5. Is the parent's first child a girl?,0.42,jev-1.13.0
609,609:899120bb,3,An interviewer rates the beauty of a random parent on a scale from 1 to 5. The rating of that parent is 3. Is the parent's first child a girl?,0.46,jev-1.13.0
610,610:0ecfca42,2,An interviewer rates the beauty of a random parent on a scale from 1 to 5. The rating of that parent is 2. Is the parent's first child a girl?,0.45,jev-1.13.0
611,611:fcefbaf9,3,An interviewer rates the beauty of a random parent on a scale from 1 to 5. The rating of that parent is 3. Is the parent's first child a girl?,0.46,jev-1.13.0
612,612:4fb3b739,4,An interviewer rates the beauty of a random parent on a scale from 1 to 5. The rating of that parent is 4. Is the parent's first child a girl?,0.45,jev-1.13.0
613,613:be62a395,2,An interviewer rates the beauty of a random parent on a scale from 1 to 5. The rating of that parent is 2. Is the parent's first child a girl?,0.45,jev-1.13.0
614,614:b5064a3b,4,An interviewer rates the beauty of a random parent on a scale from 1 to 5. The rating of that parent is 4. Is the parent's first child a girl?,0.44,jev-1.13.0
615,615:38423ba9,5,An interviewer rates the beauty of a random parent on a scale from 1 to 5. The rating of that parent is 5. Is the parent's first child a girl?,0.43,jev-1.13.0
616,616:ff4dcf2c,3,An interviewer rates the beauty of a random parent on a scale from 1 to 5. The rating of that parent is 3. Is the parent's first child a girl?,0.46,jev-1.13.0
617,617:025657a7,2,An interviewer rates the beauty of a random parent on a scale from 1 to 5. The rating of that parent is 2. Is the parent's first child a girl?,0.44,jev-1.13.0
618,618:5280f564,4,An interviewer rates the beauty of a random parent on a scale from 1 to 5. The rating of that parent is 4. Is the parent's first child a girl?,0.43,jev-1.13.0
619,619:4af97f90,1,An interviewer rates the beauty of a random parent on a scale from 1 to 5. The rating of that parent is 1. Is the parent's first child a girl?,0.45,jev-1.13.0
620,620:6b3ffaa4,3,An interviewer rates the beauty of a random parent on a scale from 1 to 5. The rating of that parent is 3. Is the parent's first child a girl?,0.47,jev-1.13.0
621,621:859cca94,3,An interviewer rates the beauty of a random parent on a scale from 1 to 5. The rating of that parent is 3. Is the parent's first child a girl?,0.46,jev-1.13.0
622,622:bd7c4426,1,An interviewer rates the beauty of a random parent on a scale from 1 to 5. The rating of that parent is 1. Is the parent's first child a girl?,0.45,jev-1.13.0
623,623:43c35c7d,2,An interviewer rates the beauty of a random parent on a scale from 1 to 5. The rating of that parent is 2. Is the parent's first child a girl?,0.45,jev-1.13.0
624,624:b886b1b5,4,An interviewer rates the beauty of a random parent on a scale from 1 to 5. The rating of that parent is 4. Is the parent's first child a girl?,0.46,jev-1.13.0
625,625:41c4c1cd,1,An interviewer rates the beauty of a random parent on a scale from 1 to 5. The rating of that parent is 1. Is the parent's first child a girl?,0.44,jev-1.13.0
626,626:00c95eae,2,An interviewer rates the beauty of a random parent on a scale from 1 to 5. The rating of that parent is 2. Is the parent's first child a girl?,0.44,jev-1.13.0
627,627:eeee4f4e,4,An interviewer rates the beauty of a random parent on a scale from 1 to 5. The rating of that parent is 4. Is the parent's first child a girl?,0.44,jev-1.13.0
628,628:ebc8cade,4,An interviewer rates the beauty of a random parent on a scale from 1 to 5. The rating of that parent is 4. Is the parent's first child a girl?,0.45,jev-1.13.0
629,629:fec6b3a0,4,An interviewer rates the beauty of a random parent on a scale from 1 to 5. The rating of that parent is 4. Is the parent's first child a girl?,0.45,jev-1.13.0
630,630:e3e98842,4,An interviewer rates the beauty of a random parent on a scale from 1 to 5. The rating of that parent is 4. Is the parent's first child a girl?,0.46,jev-1.13.0
631,631:95eb5f80,3,An interviewer rates the beauty of a random parent on a scale from 1 to 5. The rating of that parent is 3. Is the parent's first child a girl?,0.46,jev-1.13.0
632,632:55b4ce5e,5,An interviewer rates the beauty of a random parent on a scale from 1 to 5. The rating of that parent is 5. Is the parent's first child a girl?,0.42,jev-1.13.0
633,633:3cdbbae2,4,An interviewer rates the beauty of a random parent on a scale from 1 to 5. The rating of that parent is 4. Is the parent's first child a girl?,0.45,jev-1.13.0
634,634:6f59efbd,5,An interviewer rates the beauty of a random parent on a scale from 1 to 5. The rating of that parent is 5. Is the parent's first child a girl?,0.43,jev-1.13.0
635,635:757171c2,3,An interviewer rates the beauty of a random parent on a scale from 1 to 5. The rating of that parent is 3. Is the parent's first child a girl?,0.47,jev-1.13.0
636,636:8ed8d9a0,4,An interviewer rates the beauty of a random parent on a scale from 1 to 5. The rating of that parent is 4. Is the parent's first child a girl?,0.44,jev-1.13.0
637,637:4919636c,3,An interviewer rates the beauty of a random parent on a scale from 1 to 5. The rating of that parent is 3. Is the parent's first child a girl?,0.47,jev-1.13.0
638,638:9e53d3db,3,An interviewer rates the beauty of a random parent on a scale from 1 to 5. The rating of that parent is 3. Is the parent's first child a girl?,0.47,jev-1.13.0
639,639:03b4cd19,4,An interviewer rates the beauty of a random parent on a scale from 1 to 5. The rating of that parent is 4. Is the parent's first child a girl?,0.44,jev-1.13.0
640,640:2f1f30ae,5,An interviewer rates the beauty of a random parent on a scale from 1 to 5. The rating of that parent is 5. Is the parent's first child a girl?,0.42,jev-1.13.0
641,641:f5942323,1,An interviewer rates the beauty of a random parent on a scale from 1 to 5. The rating of that parent is 1. Is the parent's first child a girl?,0.43,jev-1.13.0
642,642:53c63e94,2,An interviewer rates the beauty of a random parent on a scale from 1 to 5. The rating of that parent is 2. Is the parent's first child a girl?,0.45,jev-1.13.0
643,643:41bf9e61,1,An interviewer rates the beauty of a random parent on a scale from 1 to 5. The rating of that parent is 1. Is the parent's first child a girl?,0.44,jev-1.13.0
644,644:72e3ef1e,3,An interviewer rates the beauty of a random parent on a scale from 1 to 5. The rating of that parent is 3. Is the parent's first child a girl?,0.46,jev-1.13.0
645,645:a9a402e5,5,An interviewer rates the beauty of a random parent on a scale from 1 to 5. The rating of that parent is 5. Is the parent's first child a girl?,0.42,jev-1.13.0
646,646:b06e7069,5,An interviewer rates the beauty of a random parent on a scale from 1 to 5. The rating of that parent is 5. Is the parent's first child a girl?,0.44,jev-1.13.0
647,647:5cd4a7f9,3,An interviewer rates the beauty of a random parent on a scale from 1 to 5. The rating of that parent is 3. Is the parent's first child a girl?,0.46,jev-1.13.0
648,648:bd885dfb,3,An interviewer rates the beauty of a random parent on a scale from 1 to 5. The rating of that parent is 3. Is the parent's first child a girl?,0.46,jev-1.13.0
649,649:31ff8acb,4,An interviewer rates the beauty of a random parent on a scale from 1 to 5. The rating of that parent is 4. Is the parent's first child a girl?,0.45,jev-1.13.0
650,650:53d43d67,1,An interviewer rates the beauty of a random parent on a scale from 1 to 5. The rating of that parent is 1. Is the parent's first child a girl?,0.46,jev-1.13.0
651,651:1196c540,1,An interviewer rates the beauty of a random parent on a scale from 1 to 5. The rating of that parent is 1. Is the parent's first child a girl?,0.43,jev-1.13.0
652,652:3cc5bc53,2,An interviewer rates the beauty of a random parent on a scale from 1 to 5. The rating of that parent is 2. Is the parent's first child a girl?,0.44,jev-1.13.0
653,653:2902eafd,1,An interviewer rates the beauty of a random parent on a scale from 1 to 5. The rating of that parent is 1. Is the parent's first child a girl?,0.44,jev-1.13.0
654,654:4d41aa53,2,An interviewer rates the beauty of a random parent on a scale from 1 to 5. The rating of that parent is 2. Is the parent's first child a girl?,0.45,jev-1.13.0
655,655:72e79ef0,4,An interviewer rates the beauty of a random parent on a scale from 1 to 5. The rating of that parent is 4. Is the parent's first child a girl?,0.45,jev-1.13.0
656,656:ec05c0ea,4,An interviewer rates the beauty of a random parent on a scale from 1 to 5. The rating of that parent is 4. Is the parent's first child a girl?,0.46,jev-1.13.0
657,657:e2bf1f71,5,An interviewer rates the beauty of a random parent on a scale from 1 to 5. The rating of that parent is 5. Is the parent's first child a girl?,0.43,jev-1.13.0
658,658:25c2d6ef,3,An interviewer rates the beauty of a random parent on a scale from 1 to 5. The rating of that parent is 3. Is the parent's first child a girl?,0.46,jev-1.13.0
659,659:87c91cdd,2,An interviewer rates the beauty of a random parent on a scale from 1 to 5. The rating of that parent is 2. Is the parent's first child a girl?,0.46,jev-1.13.0
660,660:f0de178c,4,An interviewer rates the beauty of a random parent on a scale from 1 to 5. The rating of that parent is 4. Is the parent's first child a girl?,0.45,jev-1.13.0
661,661:498d9800,2,An interviewer rates the beauty of a random parent on a scale from 1 to 5. The rating of that parent is 2. Is the parent's first child a girl?,0.45,jev-1.13.0
662,662:c34f3738,3,An interviewer rates the beauty of a random parent on a scale from 1 to 5. The rating of that parent is 3. Is the parent's first child a girl?,0.45,jev-1.13.0
663,663:08065fd5,1,An interviewer rates the beauty of a random parent on a scale from 1 to 5. The rating of that parent is 1. Is the parent's first child a girl?,0.44,jev-1.13.0
664,664:4895dfd6,1,An interviewer rates the beauty of a random parent on a scale from 1 to 5. The rating of that parent is 1. Is the parent's first child a girl?,0.43,jev-1.13.0
665,665:ea8941a1,2,An interviewer rates the beauty of a random parent on a scale from 1 to 5. The rating of that parent is 2. Is the parent's first child a girl?,0.46,jev-1.13.0
666,666:661704db,2,An interviewer rates the beauty of a random parent on a scale from 1 to 5. The rating of that parent is 2. Is the parent's first child a girl?,0.45,jev-1.13.0
667,667:08d21f1e,3,An interviewer rates the beauty of a random parent on a scale from 1 to 5. The rating of that parent is 3. Is the parent's first child a girl?,0.47,jev-1.13.0
668,668:f038d09c,3,An interviewer rates the beauty of a random parent on a scale from 1 to 5. The rating of that parent is 3. Is the parent's first child a girl?,0.47,jev-1.13.0
669,669:29c4b891,2,An interviewer rates the beauty of a random parent on a scale from 1 to 5. The rating of that parent is 2. Is the parent's first child a girl?,0.45,jev-1.13.0
670,670:0d1fbc62,4,An interviewer rates the beauty of a random parent on a scale from 1 to 5. The rating of that parent is 4. Is the parent's first child a girl?,0.45,jev-1.13.0
671,671:0847fe45,5,An interviewer rates the beauty of a random parent on a scale from 1 to 5. The rating of that parent is 5. Is the parent's first child a girl?,0.43,jev-1.13.0
672,672:e01cb6a8,4,An interviewer rates the beauty of a random parent on a scale from 1 to 5. The rating of that parent is 4. Is the parent's first child a girl?,0.45,jev-1.13.0
673,673:0eb409ce,1,An interviewer rates the beauty of a random parent on a scale from 1 to 5. The rating of that parent is 1. Is the parent's first child a girl?,0.43,jev-1.13.0
674,674:5443284d,1,An interviewer rates the beauty of a random parent on a scale from 1 to 5. The rating of that parent is 1. Is the parent's first child a girl?,0.43,jev-1.13.0
675,675:08808bfc,3,An interviewer rates the beauty of a random parent on a scale from 1 to 5. The rating of that parent is 3. Is the parent's first child a girl?,0.46,jev-1.13.0
676,676:714ec85e,5,An interviewer rates the beauty of a random parent on a scale from 1 to 5. The rating of that parent is 5. Is the parent's first child a girl?,0.42,jev-1.13.0
677,677:0f688a42,5,An interviewer rates the beauty of a random parent on a scale from 1 to 5. The rating of that parent is 5. Is the parent's first child a girl?,0.43,jev-1.13.0
678,678:0251dfeb,3,An interviewer rates the beauty of a random parent on a scale from 1 to 5. The rating of that parent is 3. Is the parent's first child a girl?,0.47,jev-1.13.0
679,679:db2eb1e6,5,An interviewer rates the beauty of a random parent on a scale from 1 to 5. The rating of that parent is 5. Is the parent's first child a girl?,0.44,jev-1.13.0
680,680:109a279d,4,An interviewer rates the beauty of a random parent on a scale from 1 to 5. The rating of that parent is 4. Is the parent's first child a girl?,0.45,jev-1.13.0
681,681:984e0a8f,3,An interviewer rates the beauty of a random parent on a scale from 1 to 5. The rating of that parent is 3. Is the parent's first child a girl?,0.47,jev-1.13.0
682,682:e9c72b9e,5,An interviewer rates the beauty of a random parent on a scale from 1 to 5. The rating of that parent is 5. Is the parent's first child a girl?,0.42,jev-1.13.0
683,683:ccd027cd,2,An interviewer rates the beauty of a random parent on a scale from 1 to 5. The rating of that parent is 2. Is the parent's first child a girl?,0.46,jev-1.13.0
684,684:fb8d88b6,4,An interviewer rates the beauty of a random parent on a scale from 1 to 5. The rating of that parent is 4. Is the parent's first child a girl?,0.44,jev-1.13.0
685,685:18890852,1,An interviewer rates the beauty of a random parent on a scale from 1 to 5. The rating of that parent is 1. Is the parent's first child a girl?,0.43,jev-1.13.0
686,686:93baa343,5,An interviewer rates the beauty of a random parent on a scale from 1 to 5. The rating of that parent is 5. Is the parent's first child a girl?,0.43,jev-1.13.0
687,687:8482f512,1,An interviewer rates the beauty of a random parent on a scale from 1 to 5. The rating of that parent is 1. Is the parent's first child a girl?,0.44,jev-1.13.0
688,688:dfef7501,5,An interviewer rates the beauty of a random parent on a scale from 1 to 5. The rating of that parent is 5. Is the parent's first child a girl?,0.42,jev-1.13.0
689,689:f7d08c32,5,An interviewer rates the beauty of a random parent on a scale from 1 to 5. The rating of that parent is 5. Is the parent's first child a girl?,0.42,jev-1.13.0
690,690:a8d891b8,3,An interviewer rates the beauty of a random parent on a scale from 1 to 5. The rating of that parent is 3. Is the parent's first child a girl?,0.46,jev-1.13.0
691,691:cb9cb3ec,3,An interviewer rates the beauty of a random parent on a scale from 1 to 5. The rating of that parent is 3. Is the parent's first child a girl?,0.46,jev-1.13.0
692,692:c2246278,4,An interviewer rates the beauty of a random parent on a scale from 1 to 5. The rating of that parent is 4. Is the parent's first child a girl?,0.44,jev-1.13.0
693,693:8b68b978,3,An interviewer rates the beauty of a random parent on a scale from 1 to 5. The rating of that parent is 3. Is the parent's first child a girl?,0.46,jev-1.13.0
694,694:d08ec0a3,2,An interviewer rates the beauty of a random parent on a scale from 1 to 5. The rating of that parent is 2. Is the parent's first child a girl?,0.44,jev-1.13.0
695,695:061ee5ec,4,An interviewer rates the beauty of a random parent on a scale from 1 to 5. The rating of that parent is 4. Is the parent's first child a girl?,0.45,jev-1.13.0
696,696:03c5c95a,3,An interviewer rates the beauty of a random parent on a scale from 1 to 5. The rating of that parent is 3. Is the parent's first child a girl?,0.46,jev-1.13.0
697,697:9dcbe332,1,An interviewer rates the beauty of a random parent on a scale from 1 to 5. The rating of that parent is 1. Is the parent's first child a girl?,0.44,jev-1.13.0
698,698:55a7724e,2,An interviewer rates the beauty of a random parent on a scale from 1 to 5. The rating of that parent is 2. Is the parent's first child a girl?,0.46,jev-1.13.0
699,699:9926b328,3,An interviewer rates the beauty of a random parent on a scale from 1 to 5. The rating of that parent is 3. Is the parent's first child a girl?,0.46,jev-1.13.0
700,700:4ee20dae,5,An interviewer rates the beauty of a random parent on a scale from 1 to 5. The rating of that parent is 5. Is the parent's first child a girl?,0.41,jev-1.13.0
701,701:bd4d2a42,5,An interviewer rates the beauty of a random parent on a scale from 1 to 5. The rating of that parent is 5. Is the parent's first child a girl?,0.42,jev-1.13.0
702,702:a70df3c7,2,An interviewer rates the beauty of a random parent on a scale from 1 to 5. The rating of that parent is 2. Is the parent's first child a girl?,0.44,jev-1.13.0
703,703:c53a2349,1,An interviewer rates the beauty of a random parent on a scale from 1 to 5. The rating of that parent is 1. Is the parent's first child a girl?,0.44,jev-1.13.0
704,704:b249f752,4,An interviewer rates the beauty of a random parent on a scale from 1 to 5. The rating of that parent is 4. Is the parent's first child a girl?,0.44,jev-1.13.0
705,705:465110fa,5,An interviewer rates the beauty of a random parent on a scale from 1 to 5. The rating of that parent is 5. Is the parent's first child a girl?,0.44,jev-1.13.0
706,706:854feaa6,2,An interviewer rates the beauty of a random parent on a scale from 1 to 5. The rating of that parent is 2. Is the parent's first child a girl?,0.44,jev-1.13.0
707,707:462f1fa9,2,An interviewer rates the beauty of a random parent on a scale from 1 to 5. The rating of that parent is 2. Is the parent's first child a girl?,0.44,jev-1.13.0
708,708:df8ae837,5,An interviewer rates the beauty of a random parent on a scale from 1 to 5. The rating of that parent is 5. Is the parent's first child a girl?,0.41,jev-1.13.0
709,709:9341e50f,1,An interviewer rates the beauty of a random parent on a scale from 1 to 5. The rating of that parent is 1. Is the parent's first child a girl?,0.43,jev-1.13.0
710,710:150ae310,2,An interviewer rates the beauty of a random parent on a scale from 1 to 5. The rating of that parent is 2. Is the parent's first child a girl?,0.45,jev-1.13.0
711,711:bc2d2ad7,2,An interviewer rates the beauty of a random parent on a scale from 1 to 5. The rating of that parent is 2. Is the parent's first child a girl?,0.45,jev-1.13.0
712,712:4b8cc604,3,An interviewer rates the beauty of a random parent on a scale from 1 to 5. The rating of that parent is 3. Is the parent's first child a girl?,0.47,jev-1.13.0
713,713:1bea5dd8,3,An interviewer rates the beauty of a random parent on a scale from 1 to 5. The rating of that parent is 3. Is the parent's first child a girl?,0.47,jev-1.13.0
714,714:c0d1efdd,5,An interviewer rates the beauty of a random parent on a scale from 1 to 5. The rating of that parent is 5. Is the parent's first child a girl?,0.43,jev-1.13.0
715,715:8b7acfe4,3,An interviewer rates the beauty of a random parent on a scale from 1 to 5. The rating of that parent is 3. Is the parent's first child a girl?,0.46,jev-1.13.0
716,716:d272a8b2,2,An interviewer rates the beauty of a random parent on a scale from 1 to 5. The rating of that parent is 2. Is the parent's first child a girl?,0.44,jev-1.13.0
717,717:b43a318d,2,An interviewer rates the beauty of a random parent on a scale from 1 to 5. The rating of that parent is 2. Is the parent's first child a girl?,0.46,jev-1.13.0
718,718:8a5b01c1,2,An interviewer rates the beauty of a random parent on a scale from 1 to 5. The rating of that parent is 2. Is the parent's first child a girl?,0.45,jev-1.13.0
719,719:e547e7ab,2,An interviewer rates the beauty of a random parent on a scale from 1 to 5. The rating of that parent is 2. Is the parent's first child a girl?,0.46,jev-1.13.0
720,720:acde7950,5,An interviewer rates the beauty of a random parent on a scale from 1 to 5. The rating of that parent is 5. Is the parent's first child a girl?,0.41,jev-1.13.0
721,721:8e036b9e,1,An interviewer rates the beauty of a random parent on a scale from 1 to 5. The rating of that parent is 1. Is the parent's first child a girl?,0.45,jev-1.13.0
722,722:3a1f6f43,2,An interviewer rates the beauty of a random parent on a scale from 1 to 5. The rating of that parent is 2. Is the parent's first child a girl?,0.45,jev-1.13.0
723,723:adbea64d,5,An interviewer rates the beauty of a random parent on a scale from 1 to 5. The rating of that parent is 5. Is the parent's first child a girl?,0.44,jev-1.13.0
724,724:c1f3c1ab,5,An interviewer rates the beauty of a random parent on a scale from 1 to 5. The rating of that parent is 5. Is the parent's first child a girl?,0.43,jev-1.13.0
725,725:d401550e,1,An interviewer rates the beauty of a random parent on a scale from 1 to 5. The rating of that parent is 1. Is the parent's first child a girl?,0.44,jev-1.13.0
726,726:b9942e9f,5,An interviewer rates the beauty of a random parent on a scale from 1 to 5. The rating of that parent is 5. Is the parent's first child a girl?,0.43,jev-1.13.0
727,727:2d1cda3e,1,An interviewer rates the beauty of a random parent on a scale from 1 to 5. The rating of that parent is 1. Is the parent's first child a girl?,0.44,jev-1.13.0
728,728:4a39f0e3,2,An interviewer rates the beauty of a random parent on a scale from 1 to 5. The rating of that parent is 2. Is the parent's first child a girl?,0.45,jev-1.13.0
729,729:3a93c878,4,An interviewer rates the beauty of a random parent on a scale from 1 to 5. The rating of that parent is 4. Is the parent's first child a girl?,0.44,jev-1.13.0
730,730:8af14bab,3,An interviewer rates the beauty of a random parent on a scale from 1 to 5. The rating of that parent is 3. Is the parent's first child a girl?,0.45,jev-1.13.0
731,731:5cb74a23,4,An interviewer rates the beauty of a random parent on a scale from 1 to 5. The rating of that parent is 4. Is the parent's first child a girl?,0.45,jev-1.13.0
732,732:4d28377e,1,An interviewer rates the beauty of a random parent on a scale from 1 to 5. The rating of that parent is 1. Is the parent's first child a girl?,0.43,jev-1.13.0
733,733:12fcc858,5,An interviewer rates the beauty of a random parent on a scale from 1 to 5. The rating of that parent is 5. Is the parent's first child a girl?,0.43,jev-1.13.0
734,734:3a062345,2,An interviewer rates the beauty of a random parent on a scale from 1 to 5. The rating of that parent is 2. Is the parent's first child a girl?,0.44,jev-1.13.0
735,735:bd0e9faa,3,An interviewer rates the beauty of a random parent on a scale from 1 to 5. The rating of that parent is 3. Is the parent's first child a girl?,0.46,jev-1.13.0
736,736:59145aab,1,An interviewer rates the beauty of a random parent on a scale from 1 to 5. The rating of that parent is 1. Is the parent's first child a girl?,0.43,jev-1.13.0
737,737:d1c94153,5,An interviewer rates the beauty of a random parent on a scale from 1 to 5. The rating of that parent is 5. Is the parent's first child a girl?,0.41,jev-1.13.0
738,738:3118022d,5,An interviewer rates the beauty of a random parent on a scale from 1 to 5. The rating of that parent is 5. Is the parent's first child a girl?,0.43,jev-1.13.0
739,739:52dfd888,5,An interviewer rates the beauty of a random parent on a scale from 1 to 5. The rating of that parent is 5. Is the parent's first child a girl?,0.41,jev-1.13.0
740,740:d65e1a70,2,An interviewer rates the beauty of a random parent on a scale from 1 to 5. The rating of that parent is 2. Is the parent's first child a girl?,0.45,jev-1.13.0
741,741:5cab5368,2,An interviewer rates the beauty of a random parent on a scale from 1 to 5. The rating of that parent is 2. Is the parent's first child a girl?,0.45,jev-1.13.0
742,742:769109bc,2,An interviewer rates the beauty of a random parent on a scale from 1 to 5. The rating of that parent is 2. Is the parent's first child a girl?,0.45,jev-1.13.0
743,743:63ca5cb4,2,An interviewer rates the beauty of a random parent on a scale from 1 to 5. The rating of that parent is 2. Is the parent's first child a girl?,0.45,jev-1.13.0
744,744:da2278bd,5,An interviewer rates the beauty of a random parent on a scale from 1 to 5. The rating of that parent is 5. Is the parent's first child a girl?,0.42,jev-1.13.0
745,745:46da2e4e,3,An interviewer rates the beauty of a random parent on a scale from 1 to 5. The rating of that parent is 3. Is the parent's first child a girl?,0.47,jev-1.13.0
746,746:09013094,5,An interviewer rates the beauty of a random parent on a scale from 1 to 5. The rating of that parent is 5. Is the parent's first child a girl?,0.41,jev-1.13.0
747,747:768898bf,2,An interviewer rates the beauty of a random parent on a scale from 1 to 5. The rating of that parent is 2. Is the parent's first child a girl?,0.45,jev-1.13.0
748,748:0a5af57d,5,An interviewer rates the beauty of a random parent on a scale from 1 to 5. The rating of that parent is 5. Is the parent's first child a girl?,0.43,jev-1.13.0
749,749:76121482,4,An interviewer rates the beauty of a random parent on a scale from 1 to 5. The rating of that parent is 4. Is the parent's first child a girl?,0.45,jev-1.13.0
750,750:14bde210,5,An interviewer rates the beauty of a random parent on a scale from 1 to 5. The rating of that parent is 5. Is the parent's first child a girl?,0.41,jev-1.13.0
751,751:b66c898f,5,An interviewer rates the beauty of a random parent on a scale from 1 to 5. The rating of that parent is 5. Is the parent's first child a girl?,0.43,jev-1.13.0
752,752:813ea407,3,An interviewer rates the beauty of a random parent on a scale from 1 to 5. The rating of that parent is 3. Is the parent's first child a girl?,0.46,jev-1.13.0
753,753:4313fe07,5,An interviewer rates the beauty of a random parent on a scale from 1 to 5. The rating of that parent is 5. Is the parent's first child a girl?,0.42,jev-1.13.0
754,754:c7c0c048,3,An interviewer rates the beauty of a random parent on a scale from 1 to 5. The rating of that parent is 3. Is the parent's first child a girl?,0.47,jev-1.13.0
755,755:2708a289,2,An interviewer rates the beauty of a random parent on a scale from 1 to 5. The rating of that parent is 2. Is the parent's first child a girl?,0.45,jev-1.13.0
756,756:2f938b2b,2,An interviewer rates the beauty of a random parent on a scale from 1 to 5. The rating of that parent is 2. Is the parent's first child a girl?,0.44,jev-1.13.0
757,757:e2d150e9,1,An interviewer rates the beauty of a random parent on a scale from 1 to 5. The rating of that parent is 1. Is the parent's first child a girl?,0.45,jev-1.13.0
758,758:ceb5bb87,3,An interviewer rates the beauty of a random parent on a scale from 1 to 5. The rating of that parent is 3. Is the parent's first child a girl?,0.46,jev-1.13.0
759,759:ff03af7c,4,An interviewer rates the beauty of a random parent on a scale from 1 to 5. The rating of that parent is 4. Is the parent's first child a girl?,0.44,jev-1.13.0
760,760:0b60d50b,1,An interviewer rates the beauty of a random parent on a scale from 1 to 5. The rating of that parent is 1. Is the parent's first child a girl?,0.44,jev-1.13.0
761,761:45c1c4ba,4,An interviewer rates the beauty of a random parent on a scale from 1 to 5. The rating of that parent is 4. Is the parent's first child a girl?,0.45,jev-1.13.0
762,762:8fdce132,3,An interviewer rates the beauty of a random parent on a scale from 1 to 5. The rating of that parent is 3. Is the parent's first child a girl?,0.46,jev-1.13.0
763,763:7c5289d5,5,An interviewer rates the beauty of a random parent on a scale from 1 to 5. The rating of that parent is 5. Is the parent's first child a girl?,0.42,jev-1.13.0
764,764:507525d4,2,An interviewer rates the beauty of a random parent on a scale from 1 to 5. The rating of that parent is 2. Is the parent's first child a girl?,0.45,jev-1.13.0
765,765:570ae584,3,An interviewer rates the beauty of a random parent on a scale from 1 to 5. The rating of that parent is 3. Is the parent's first child a girl?,0.46,jev-1.13.0
766,766:f7c30837,1,An interviewer rates the beauty of a random parent on a scale from 1 to 5. The rating of that parent is 1. Is the parent's first child a girl?,0.43,jev-1.13.0
767,767:5a1f161c,5,An interviewer rates the beauty of a random parent on a scale from 1 to 5. The rating of that parent is 5. Is the parent's first child a girl?,0.42,jev-1.13.0
768,768:a320369f,1,An interviewer rates the beauty of a random parent on a scale from 1 to 5. The rating of that parent is 1. Is the parent's first child a girl?,0.45,jev-1.13.0
769,769:266dd158,1,An interviewer rates the beauty of a random parent on a scale from 1 to 5. The rating of that parent is 1. Is the parent's first child a girl?,0.44,jev-1.13.0
770,770:b89f6ece,5,An interviewer rates the beauty of a random parent on a scale from 1 to 5. The rating of that parent is 5. Is the parent's first child a girl?,0.43,jev-1.13.0
771,771:083ff8a2,3,An interviewer rates the beauty of a random parent on a scale from 1 to 5. The rating of that parent is 3. Is the parent's first child a girl?,0.46,jev-1.13.0
772,772:7755931a,1,An interviewer rates the beauty of a random parent on a scale from 1 to 5. The rating of that parent is 1. Is the parent's first child a girl?,0.45,jev-1.13.0
773,773:39347b1e,3,An interviewer rates the beauty of a random parent on a scale from 1 to 5. The rating of that parent is 3. Is the parent's first child a girl?,0.46,jev-1.13.0
774,774:946176f7,2,An interviewer rates the beauty of a random parent on a scale from 1 to 5. The rating of that parent is 2. Is the parent's first child a girl?,0.45,jev-1.13.0
775,775:c03bc38b,2,An interviewer rates the beauty of a random parent on a scale from 1 to 5. The rating of that parent is 2. Is the parent's first child a girl?,0.44,jev-1.13.0
776,776:baa766b3,3,An interviewer rates the beauty of a random parent on a scale from 1 to 5. The rating of that parent is 3. Is the parent's first child a girl?,0.45,jev-1.13.0
777,777:37e81cf4,4,An interviewer rates the beauty of a random parent on a scale from 1 to 5. The rating of that parent is 4. Is the parent's first child a girl?,0.44,jev-1.13.0
778,778:d174f632,5,An interviewer rates the beauty of a random parent on a scale from 1 to 5. The rating of that parent is 5. Is the parent's first child a girl?,0.41,jev-1.13.0
779,779:36d9b86f,3,An interviewer rates the beauty of a random parent on a scale from 1 to 5. The rating of that parent is 3. Is the parent's first child a girl?,0.46,jev-1.13.0
780,780:eaac7ad7,1,An interviewer rates the beauty of a random parent on a scale from 1 to 5. The rating of that parent is 1. Is the parent's first child a girl?,0.44,jev-1.13.0
781,781:18a19ee8,5,An interviewer rates the beauty of a random parent on a scale from 1 to 5. The rating of that parent is 5. Is the parent's first child a girl?,0.42,jev-1.13.0
782,782:e053f0f3,2,An interviewer rates the beauty of a random parent on a scale from 1 to 5. The rating of that parent is 2. Is the parent's first child a girl?,0.44,jev-1.13.0
783,783:61b3c622,4,An interviewer rates the beauty of a random parent on a scale from 1 to 5. The rating of that parent is 4. Is the parent's first child a girl?,0.45,jev-1.13.0
784,784:8208d6f3,5,An interviewer rates the beauty of a random parent on a scale from 1 to 5. The rating of that parent is 5. Is the parent's first child a girl?,0.43,jev-1.13.0
785,785:efec3371,2,An interviewer rates the beauty of a random parent on a scale from 1 to 5. The rating of that parent is 2. Is the parent's first child a girl?,0.44,jev-1.13.0
786,786:14dbeb22,4,An interviewer rates the beauty of a random parent on a scale from 1 to 5. The rating of that parent is 4. Is the parent's first child a girl?,0.44,jev-1.13.0
787,787:6b49f4ba,4,An interviewer rates the beauty of a random parent on a scale from 1 to 5. The rating of that parent is 4. Is the parent's first child a girl?,0.45,jev-1.13.0
788,788:b7e6fe07,2,An interviewer rates the beauty of a random parent on a scale from 1 to 5. The rating of that parent is 2. Is the parent's first child a girl?,0.45,jev-1.13.0
789,789:c9e02737,1,An interviewer rates the beauty of a random parent on a scale from 1 to 5. The rating of that parent is 1. Is the parent's first child a girl?,0.44,jev-1.13.0
790,790:d09c7e08,3,An interviewer rates the beauty of a random parent on a scale from 1 to 5. The rating of that parent is 3. Is the parent's first child a girl?,0.46,jev-1.13.0
791,791:0ff32cc2,2,An interviewer rates the beauty of a random parent on a scale from 1 to 5. The rating of that parent is 2. Is the parent's first child a girl?,0.45,jev-1.13.0
792,792:3aeef963,3,An interviewer rates the beauty of a random parent on a scale from 1 to 5. The rating of that parent is 3. Is the parent's first child a girl?,0.45,jev-1.13.0
793,793:c88f8afa,3,An interviewer rates the beauty of a random parent on a scale from 1 to 5. The rating of that parent is 3. Is the parent's first child a girl?,0.45,jev-1.13.0
794,794:07cbd4c5,3,An interviewer rates the beauty of a random parent on a scale from 1 to 5. The rating of that parent is 3. Is the parent's first child a girl?,0.46,jev-1.13.0
795,795:3ff5e8a0,3,An interviewer rates the beauty of a random parent on a scale from 1 to 5. The rating of that parent is 3. Is the parent's first child a girl?,0.46,jev-1.13.0
796,796:4a6e790d,1,An interviewer rates the beauty of a random parent on a scale from 1 to 5. The rating of that parent is 1. Is the parent's first child a girl?,0.44,jev-1.13.0
797,797:4a03d85b,2,An interviewer rates the beauty of a random parent on a scale from 1 to 5. The rating of that parent is 2. Is the parent's first child a girl?,0.45,jev-1.13.0
798,798:9bda074b,4,An interviewer rates the beauty of a random parent on a scale from 1 to 5. The rating of that parent is 4. Is the parent's first child a girl?,0.45,jev-1.13.0
799,799:0c3f7a9c,5,An interviewer rates the beauty of a random parent on a scale from 1 to 5. The rating of that parent is 5. Is the parent's first child a girl?,0.43,jev-1.13.0
800,800:7767ffa7,1,An interviewer rates the beauty of a random parent on a scale from 1 to 5. The rating of that parent is 1. Is the parent's first child a girl?,0.41,jev-1.13.0
801,801:c34df038,1,An interviewer rates the beauty of a random parent on a scale from 1 to 5. The rating of that parent is 1. Is the parent's first child a girl?,0.43,jev-1.13.0
802,802:a875f5f8,1,An interviewer rates the beauty of a random parent on a scale from 1 to 5. The rating of that parent is 1. Is the parent's first child a girl?,0.44,jev-1.13.0
803,803:87bcb48a,2,An interviewer rates the beauty of a random parent on a scale from 1 to 5. The rating of that parent is 2. Is the parent's first child a girl?,0.45,jev-1.13.0
804,804:c38bfe20,1,An interviewer rates the beauty of a random parent on a scale from 1 to 5. The rating of that parent is 1. Is the parent's first child a girl?,0.43,jev-1.13.0
805,805:687fdf0c,1,An interviewer rates the beauty of a random parent on a scale from 1 to 5. The rating of that parent is 1. Is the parent's first child a girl?,0.44,jev-1.13.0
806,806:ecb43697,2,An interviewer rates the beauty of a random parent on a scale from 1 to 5. The rating of that parent is 2. Is the parent's first child a girl?,0.44,jev-1.13.0
807,807:7c328cad,4,An interviewer rates the beauty of a random parent on a scale from 1 to 5. The rating of that parent is 4. Is the parent's first child a girl?,0.44,jev-1.13.0
808,808:a5ad0d2f,5,An interviewer rates the beauty of a random parent on a scale from 1 to 5. The rating of that parent is 5. Is the parent's first child a girl?,0.42,jev-1.13.0
809,809:0e2a5f89,1,An interviewer rates the beauty of a random parent on a scale from 1 to 5. The rating of that parent is 1. Is the parent's first child a girl?,0.43,jev-1.13.0
810,810:99e042d3,2,An interviewer rates the beauty of a random parent on a scale from 1 to 5. The rating of that parent is 2. Is the parent's first child a girl?,0.45,jev-1.13.0
811,811:0dd24591,1,An interviewer rates the beauty of a random parent on a scale from 1 to 5. The rating of that parent is 1. Is the parent's first child a girl?,0.43,jev-1.13.0
812,812:6531ee82,2,An interviewer rates the beauty of a random parent on a scale from 1 to 5. The rating of that parent is 2. Is the parent's first child a girl?,0.45,jev-1.13.0
813,813:ad59b4c4,3,An interviewer rates the beauty of a random parent on a scale from 1 to 5. The rating of that parent is 3. Is the parent's first child a girl?,0.47,jev-1.13.0
814,814:469835ea,5,An interviewer rates the beauty of a random parent on a scale from 1 to 5. The rating of that parent is 5. Is the parent's first child a girl?,0.41,jev-1.13.0
815,815:7b1cf810,1,An interviewer rates the beauty of a random parent on a scale from 1 to 5. The rating of that parent is 1. Is the parent's first child a girl?,0.44,jev-1.13.0
816,816:51c95599,2,An interviewer rates the beauty of a random parent on a scale from 1 to 5. The rating of that parent is 2. Is the parent's first child a girl?,0.45,jev-1.13.0
817,817:e80ccfb5,4,An interviewer rates the beauty of a random parent on a scale from 1 to 5. The rating of that parent is 4. Is the parent's first child a girl?,0.45,jev-1.13.0
818,818:8735fca4,4,An interviewer rates the beauty of a random parent on a scale from 1 to 5. The rating of that parent is 4. Is the parent's first child a girl?,0.45,jev-1.13.0
819,819:74992edb,4,An interviewer rates the beauty of a random parent on a scale from 1 to 5. The rating of that parent is 4. Is the parent's first child a girl?,0.44,jev-1.13.0
820,820:e2ede879,5,An interviewer rates the beauty of a random parent on a scale from 1 to 5. The rating of that parent is 5. Is the parent's first child a girl?,0.42,jev-1.13.0
821,821:b9148ebb,3,An interviewer rates the beauty of a random parent on a scale from 1 to 5. The rating of that parent is 3. Is the parent's first child a girl?,0.45,jev-1.13.0
822,822:050d4bf8,4,An interviewer rates the beauty of a random parent on a scale from 1 to 5. The rating of that parent is 4. Is the parent's first child a girl?,0.44,jev-1.13.0
823,823:a607b735,2,An interviewer rates the beauty of a random parent on a scale from 1 to 5. The rating of that parent is 2. Is the parent's first child a girl?,0.47,jev-1.13.0
824,824:fc4de4a2,5,An interviewer rates the beauty of a random parent on a scale from 1 to 5. The rating of that parent is 5. Is the parent's first child a girl?,0.41,jev-1.13.0
825,825:2fcb97cc,3,An interviewer rates the beauty of a random parent on a scale from 1 to 5. The rating of that parent is 3. Is the parent's first child a girl?,0.47,jev-1.13.0
826,826:d531dbf4,5,An interviewer rates the beauty of a random parent on a scale from 1 to 5. The rating of that parent is 5. Is the parent's first child a girl?,0.43,jev-1.13.0
827,827:7a2acd77,1,An interviewer rates the beauty of a random parent on a scale from 1 to 5. The rating of that parent is 1. Is the parent's first child a girl?,0.45,jev-1.13.0
828,828:bf5daffa,1,An interviewer rates the beauty of a random parent on a scale from 1 to 5. The rating of that parent is 1. Is the parent's first child a girl?,0.44,jev-1.13.0
829,829:b79d3165,5,An interviewer rates the beauty of a random parent on a scale from 1 to 5. The rating of that parent is 5. Is the parent's first child a girl?,0.42,jev-1.13.0
830,830:6ab34626,3,An interviewer rates the beauty of a random parent on a scale from 1 to 5. The rating of that parent is 3. Is the parent's first child a girl?,0.47,jev-1.13.0
831,831:094c4c9a,3,An interviewer rates the beauty of a random parent on a scale from 1 to 5. The rating of that parent is 3. Is the parent's first child a girl?,0.47,jev-1.13.0
832,832:74acfa83,1,An interviewer rates the beauty of a random parent on a scale from 1 to 5. The rating of that parent is 1. Is the parent's first child a girl?,0.45,jev-1.13.0
833,833:052ab7c7,1,An interviewer rates the beauty of a random parent on a scale from 1 to 5. The rating of that parent is 1. Is the parent's first child a girl?,0.42,jev-1.13.0
834,834:654dea17,5,An interviewer rates the beauty of a random parent on a scale from 1 to 5. The rating of that parent is 5. Is the parent's first child a girl?,0.41,jev-1.13.0
835,835:f49c7456,5,An interviewer rates the beauty of a random parent on a scale from 1 to 5. The rating of that parent is 5. Is the parent's first child a girl?,0.42,jev-1.13.0
836,836:1b28069a,1,An interviewer rates the beauty of a random parent on a scale from 1 to 5. The rating of that parent is 1. Is the parent's first child a girl?,0.44,jev-1.13.0
837,837:394ff599,4,An interviewer rates the beauty of a random parent on a scale from 1 to 5. The rating of that parent is 4. Is the parent's first child a girl?,0.45,jev-1.13.0
838,838:f30565d8,4,An interviewer rates the beauty of a random parent on a scale from 1 to 5. The rating of that parent is 4. Is the parent's first child a girl?,0.45,jev-1.13.0
839,839:a43457bd,5,An interviewer rates the beauty of a random parent on a scale from 1 to 5. The rating of that parent is 5. Is the parent's first child a girl?,0.42,jev-1.13.0
840,840:c55669bf,3,An interviewer rates the beauty of a random parent on a scale from 1 to 5. The rating of that parent is 3. Is the parent's first child a girl?,0.46,jev-1.13.0
841,841:44b03f7e,1,An interviewer rates the beauty of a random parent on a scale from 1 to 5. The rating of that parent is 1. Is the parent's first child a girl?,0.45,jev-1.13.0
842,842:ae437755,1,An interviewer rates the beauty of a random parent on a scale from 1 to 5. The rating of that parent is 1. Is the parent's first child a girl?,0.45,jev-1.13.0
843,843:e7d4b376,4,An interviewer rates the beauty of a random parent on a scale from 1 to 5. The rating of that parent is 4. Is the parent's first child a girl?,0.45,jev-1.13.0
844,844:3792c01c,1,An interviewer rates the beauty of a random parent on a scale from 1 to 5. The rating of that parent is 1. Is the parent's first child a girl?,0.44,jev-1.13.0
845,845:13847191,1,An interviewer rates the beauty of a random parent on a scale from 1 to 5. The rating of that parent is 1. Is the parent's first child a girl?,0.43,jev-1.13.0
846,846:ee4989aa,2,An interviewer rates the beauty of a random parent on a scale from 1 to 5. The rating of that parent is 2. Is the parent's first child a girl?,0.45,jev-1.13.0
847,847:910aea64,4,An interviewer rates the beauty of a random parent on a scale from 1 to 5. The rating of that parent is 4. Is the parent's first child a girl?,0.44,jev-1.13.0
848,848:3cd5444f,2,An interviewer rates the beauty of a random parent on a scale from 1 to 5. The rating of that parent is 2. Is the parent's first child a girl?,0.44,jev-1.13.0
849,849:4b3a9ed4,3,An interviewer rates the beauty of a random parent on a scale from 1 to 5. The rating of that parent is 3. Is the parent's first child a girl?,0.47,jev-1.13.0
850,850:8c800f8a,2,An interviewer rates the beauty of a random parent on a scale from 1 to 5. The rating of that parent is 2. Is the parent's first child a girl?,0.45,jev-1.13.0
851,851:b1b791e4,4,An interviewer rates the beauty of a random parent on a scale from 1 to 5. The rating of that parent is 4. Is the parent's first child a girl?,0.44,jev-1.13.0
852,852:9b5829f3,3,An interviewer rates the beauty of a random parent on a scale from 1 to 5. The rating of that parent is 3. Is the parent's first child a girl?,0.47,jev-1.13.0
853,853:51055a37,1,An interviewer rates the beauty of a random parent on a scale from 1 to 5. The rating of that parent is 1. Is the parent's first child a girl?,0.43,jev-1.13.0
854,854:ca7ddfa7,3,An interviewer rates the beauty of a random parent on a scale from 1 to 5. The rating of that parent is 3. Is the parent's first child a girl?,0.46,jev-1.13.0
855,855:9a83fe05,2,An interviewer rates the beauty of a random parent on a scale from 1 to 5. The rating of that parent is 2. Is the parent's first child a girl?,0.45,jev-1.13.0
856,856:6e315b18,5,An interviewer rates the beauty of a random parent on a scale from 1 to 5. The rating of that parent is 5. Is the parent's first child a girl?,0.43,jev-1.13.0
857,857:7e76fffa,4,An interviewer rates the beauty of a random parent on a scale from 1 to 5. The rating of that parent is 4. Is the parent's first child a girl?,0.44,jev-1.13.0
858,858:e426c8aa,2,An interviewer rates the beauty of a random parent on a scale from 1 to 5. The rating of that parent is 2. Is the parent's first child a girl?,0.46,jev-1.13.0
859,859:ab518d40,5,An interviewer rates the beauty of a random parent on a scale from 1 to 5. The rating of that parent is 5. Is the parent's first child a girl?,0.43,jev-1.13.0
860,860:6de74036,2,An interviewer rates the beauty of a random parent on a scale from 1 to 5. The rating of that parent is 2. Is the parent's first child a girl?,0.43,jev-1.13.0
861,861:a1168aff,2,An interviewer rates the beauty of a random parent on a scale from 1 to 5. The rating of that parent is 2. Is the parent's first child a girl?,0.45,jev-1.13.0
862,862:310bbf4f,1,An interviewer rates the beauty of a random parent on a scale from 1 to 5. The rating of that parent is 1. Is the parent's first child a girl?,0.42,jev-1.13.0
863,863:86156c9b,3,An interviewer rates the beauty of a random parent on a scale from 1 to 5. The rating of that parent is 3. Is the parent's first child a girl?,0.47,jev-1.13.0
864,864:099c2328,3,An interviewer rates the beauty of a random parent on a scale from 1 to 5. The rating of that parent is 3. Is the parent's first child a girl?,0.46,jev-1.13.0
865,865:c1c1d118,2,An interviewer rates the beauty of a random parent on a scale from 1 to 5. The rating of that parent is 2. Is the parent's first child a girl?,0.45,jev-1.13.0
866,866:884f299a,3,An interviewer rates the beauty of a random parent on a scale from 1 to 5. The rating of that parent is 3. Is the parent's first child a girl?,0.46,jev-1.13.0
867,867:2208fce0,4,An interviewer rates the beauty of a random parent on a scale from 1 to 5. The rating of that parent is 4. Is the parent's first child a girl?,0.44,jev-1.13.0
868,868:27c3550b,2,An interviewer rates the beauty of a random parent on a scale from 1 to 5. The rating of that parent is 2. Is the parent's first child a girl?,0.45,jev-1.13.0
869,869:8162b9ae,5,An interviewer rates the beauty of a random parent on a scale from 1 to 5. The rating of that parent is 5. Is the parent's first child a girl?,0.42,jev-1.13.0
870,870:b90ab23c,5,An interviewer rates the beauty of a random parent on a scale from 1 to 5. The rating of that parent is 5. Is the parent's first child a girl?,0.43,jev-1.13.0
871,871:12cd708c,2,An interviewer rates the beauty of a random parent on a scale from 1 to 5. The rating of that parent is 2. Is the parent's first child a girl?,0.46,jev-1.13.0
872,872:8e547e3f,5,An interviewer rates the beauty of a random parent on a scale from 1 to 5. The rating of that parent is 5. Is the parent's first child a girl?,0.42,jev-1.13.0
873,873:0ad0727c,4,An interviewer rates the beauty of a random parent on a scale from 1 to 5. The rating of that parent is 4. Is the parent's first child a girl?,0.45,jev-1.13.0
874,874:7c08c853,1,An interviewer rates the beauty of a random parent on a scale from 1 to 5. The rating of that parent is 1. Is the parent's first child a girl?,0.43,jev-1.13.0
875,875:aac0fb14,4,An interviewer rates the beauty of a random parent on a scale from 1 to 5. The rating of that parent is 4. Is the parent's first child a girl?,0.46,jev-1.13.0
876,876:42fd9738,3,An interviewer rates the beauty of a random parent on a scale from 1 to 5. The rating of that parent is 3. Is the parent's first child a girl?,0.47,jev-1.13.0
877,877:7167b092,1,An interviewer rates the beauty of a random parent on a scale from 1 to 5. The rating of that parent is 1. Is the parent's first child a girl?,0.44,jev-1.13.0
878,878:95bdde82,4,An interviewer rates the beauty of a random parent on a scale from 1 to 5. The rating of that parent is 4. Is the parent's first child a girl?,0.45,jev-1.13.0
879,879:1990c45f,4,An interviewer rates the beauty of a random parent on a scale from 1 to 5. The rating of that parent is 4. Is the parent's first child a girl?,0.44,jev-1.13.0
880,880:a43d0ae3,1,An interviewer rates the beauty of a random parent on a scale from 1 to 5. The rating of that parent is 1. Is the parent's first child a girl?,0.44,jev-1.13.0
881,881:e5272ed0,3,An interviewer rates the beauty of a random parent on a scale from 1 to 5. The rating of that parent is 3. Is the parent's first child a girl?,0.46,jev-1.13.0
882,882:35a59309,3,An interviewer rates the beauty of a random parent on a scale from 1 to 5. The rating of that parent is 3. Is the parent's first child a girl?,0.46,jev-1.13.0
883,883:3a5822c5,3,An interviewer rates the beauty of a random parent on a scale from 1 to 5. The rating of that parent is 3. Is the parent's first child a girl?,0.46,jev-1.13.0
884,884:a8c8639c,1,An interviewer rates the beauty of a random parent on a scale from 1 to 5. The rating of that parent is 1. Is the parent's first child a girl?,0.45,jev-1.13.0
885,885:aa70ab0c,4,An interviewer rates the beauty of a random parent on a scale from 1 to 5. The rating of that parent is 4. Is the parent's first child a girl?,0.46,jev-1.13.0
886,886:7fb02746,1,An interviewer rates the beauty of a random parent on a scale from 1 to 5. The rating of that parent is 1. Is the parent's first child a girl?,0.44,jev-1.13.0
887,887:1ffd0432,4,An interviewer rates the beauty of a random parent on a scale from 1 to 5. The rating of that parent is 4. Is the parent's first child a girl?,0.45,jev-1.13.0
888,888:d78ac956,3,An interviewer rates the beauty of a random parent on a scale from 1 to 5. The rating of that parent is 3. Is the parent's first child a girl?,0.46,jev-1.13.0
889,889:90ca8773,5,An interviewer rates the beauty of a random parent on a scale from 1 to 5. The rating of that parent is 5. Is the parent's first child a girl?,0.41,jev-1.13.0
890,890:d691762d,4,An interviewer rates the beauty of a random parent on a scale from 1 to 5. The rating of that parent is 4. Is the parent's first child a girl?,0.46,jev-1.13.0
891,891:634c4d7f,3,An interviewer rates the beauty of a random parent on a scale from 1 to 5. The rating of that parent is 3. Is the parent's first child a girl?,0.47,jev-1.13.0
892,892:55c67b3a,5,An interviewer rates the beauty of a random parent on a scale from 1 to 5. The rating of that parent is 5. Is the parent's first child a girl?,0.43,jev-1.13.0
893,893:554f8bf5,4,An interviewer rates the beauty of a random parent on a scale from 1 to 5. The rating of that parent is 4. Is the parent's first child a girl?,0.45,jev-1.13.0
894,894:5e01c8a5,2,An interviewer rates the beauty of a random parent on a scale from 1 to 5. The rating of that parent is 2. Is the parent's first child a girl?,0.45,jev-1.13.0
895,895:df9b09e6,5,An interviewer rates the beauty of a random parent on a scale from 1 to 5. The rating of that parent is 5. Is the parent's first child a girl?,0.42,jev-1.13.0
896,896:bffd2360,3,An interviewer rates the beauty of a random parent on a scale from 1 to 5. The rating of that parent is 3. Is the parent's first child a girl?,0.46,jev-1.13.0
897,897:4b21b118,1,An interviewer rates the beauty of a random parent on a scale from 1 to 5. The rating of that parent is 1. Is the parent's first child a girl?,0.43,jev-1.13.0
898,898:b823d436,5,An interviewer rates the beauty of a random parent on a scale from 1 to 5. The rating of that parent is 5. Is the parent's first child a girl?,0.41,jev-1.13.0
899,899:c6014b17,3,An interviewer rates the beauty of a random parent on a scale from 1 to 5. The rating of that parent is 3. Is the parent's first child a girl?,0.46,jev-1.13.0
900,900:5ace2041,4,An interviewer rates the beauty of a random parent on a scale from 1 to 5. The rating of that parent is 4. Is the parent's first child a girl?,0.45,jev-1.13.0
901,901:a51ea06c,5,An interviewer rates the beauty of a random parent on a scale from 1 to 5. The rating of that parent is 5. Is the parent's first child a girl?,0.42,jev-1.13.0
902,902:0ceb8ae1,2,An interviewer rates the beauty of a random parent on a scale from 1 to 5. The rating of that parent is 2. Is the parent's first child a girl?,0.45,jev-1.13.0
903,903:e90b80e9,3,An interviewer rates the beauty of a random parent on a scale from 1 to 5. The rating of that parent is 3. Is the parent's first child a girl?,0.46,jev-1.13.0
904,904:5cca1d1b,2,An interviewer rates the beauty of a random parent on a scale from 1 to 5. The rating of that parent is 2. Is the parent's first child a girl?,0.44,jev-1.13.0
905,905:ae4fc7a9,2,An interviewer rates the beauty of a random parent on a scale from 1 to 5. The rating of that parent is 2. Is the parent's first child a girl?,0.45,jev-1.13.0
906,906:a00d765c,1,An interviewer rates the beauty of a random parent on a scale from 1 to 5. The rating of that parent is 1. Is the parent's first child a girl?,0.45,jev-1.13.0
907,907:973ee13a,5,An interviewer rates the beauty of a random parent on a scale from 1 to 5. The rating of that parent is 5. Is the parent's first child a girl?,0.43,jev-1.13.0
908,908:7d1ae360,4,An interviewer rates the beauty of a random parent on a scale from 1 to 5. The rating of that parent is 4. Is the parent's first child a girl?,0.44,jev-1.13.0
909,909:8adc0fdd,2,An interviewer rates the beauty of a random parent on a scale from 1 to 5. The rating of that parent is 2. Is the parent's first child a girl?,0.44,jev-1.13.0
910,910:139de098,3,An interviewer rates the beauty of a random parent on a scale from 1 to 5. The rating of that parent is 3. Is the parent's first child a girl?,0.45,jev-1.13.0
911,911:b22fa4e9,2,An interviewer rates the beauty of a random parent on a scale from 1 to 5. The rating of that parent is 2. Is the parent's first child a girl?,0.45,jev-1.13.0
912,912:4c97e69b,1,An interviewer rates the beauty of a random parent on a scale from 1 to 5. The rating of that parent is 1. Is the parent's first child a girl?,0.43,jev-1.13.0
913,913:94b89afb,4,An interviewer rates the beauty of a random parent on a scale from 1 to 5. The rating of that parent is 4. Is the parent's first child a girl?,0.44,jev-1.13.0
914,914:d8425a7a,3,An interviewer rates the beauty of a random parent on a scale from 1 to 5. The rating of that parent is 3. Is the parent's first child a girl?,0.45,jev-1.13.0
915,915:4d52082d,2,An interviewer rates the beauty of a random parent on a scale from 1 to 5. The rating of that parent is 2. Is the parent's first child a girl?,0.45,jev-1.13.0
916,916:0825f688,2,An interviewer rates the beauty of a random parent on a scale from 1 to 5. The rating of that parent is 2. Is the parent's first child a girl?,0.45,jev-1.13.0
917,917:87f5bf19,1,An interviewer rates the beauty of a random parent on a scale from 1 to 5. The rating of that parent is 1. Is the parent's first child a girl?,0.45,jev-1.13.0
918,918:54c27b5b,2,An interviewer rates the beauty of a random parent on a scale from 1 to 5. The rating of that parent is 2. Is the parent's first child a girl?,0.45,jev-1.13.0
919,919:0a9935b6,4,An interviewer rates the beauty of a random parent on a scale from 1 to 5. The rating of that parent is 4. Is the parent's first child a girl?,0.44,jev-1.13.0
920,920:9d074712,5,An interviewer rates the beauty of a random parent on a scale from 1 to 5. The rating of that parent is 5. Is the parent's first child a girl?,0.43,jev-1.13.0
921,921:8fb69f20,5,An interviewer rates the beauty of a random parent on a scale from 1 to 5. The rating of that parent is 5. Is the parent's first child a girl?,0.43,jev-1.13.0
922,922:ce6ced4b,1,An interviewer rates the beauty of a random parent on a scale from 1 to 5. The rating of that parent is 1. Is the parent's first child a girl?,0.44,jev-1.13.0
923,923:f016f912,3,An interviewer rates the beauty of a random parent on a scale from 1 to 5. The rating of that parent is 3. Is the parent's first child a girl?,0.47,jev-1.13.0
924,924:997d65b2,5,An interviewer rates the beauty of a random parent on a scale from 1 to 5. The rating of that parent is 5. Is the parent's first child a girl?,0.43,jev-1.13.0
925,925:a310ea27,2,An interviewer rates the beauty of a random parent on a scale from 1 to 5. The rating of that parent is 2. Is the parent's first child a girl?,0.46,jev-1.13.0
926,926:a46a8516,2,An interviewer rates the beauty of a random parent on a scale from 1 to 5. The rating of that parent is 2. Is the parent's first child a girl?,0.44,jev-1.13.0
927,927:ad8656f8,5,An interviewer rates the beauty of a random parent on a scale from 1 to 5. The rating of that parent is 5. Is the parent's first child a girl?,0.42,jev-1.13.0
928,928:2d9df52b,4,An interviewer rates the beauty of a random parent on a scale from 1 to 5. The rating of that parent is 4. Is the parent's first child a girl?,0.45,jev-1.13.0
929,929:65d89d17,3,An interviewer rates the beauty of a random parent on a scale from 1 to 5. The rating of that parent is 3. Is the parent's first child a girl?,0.46,jev-1.13.0
930,930:04cdb10a,2,An interviewer rates the beauty of a random parent on a scale from 1 to 5. The rating of that parent is 2. Is the parent's first child a girl?,0.45,jev-1.13.0
931,931:b7304da1,4,An interviewer rates the beauty of a random parent on a scale from 1 to 5. The rating of that parent is 4. Is the parent's first child a girl?,0.45,jev-1.13.0
932,932:b88fbbfa,3,An interviewer rates the beauty of a random parent on a scale from 1 to 5. The rating of that parent is 3. Is the parent's first child a girl?,0.46,jev-1.13.0
933,933:87f23df2,4,An interviewer rates the beauty of a random parent on a scale from 1 to 5. The rating of that parent is 4. Is the parent's first child a girl?,0.45,jev-1.13.0
934,934:32e6772d,5,An interviewer rates the beauty of a random parent on a scale from 1 to 5. The rating of that parent is 5. Is the parent's first child a girl?,0.41,jev-1.13.0
935,935:e6087e88,4,An interviewer rates the beauty of a random parent on a scale from 1 to 5. The rating of that parent is 4. Is the parent's first child a girl?,0.45,jev-1.13.0
936,936:d9468846,1,An interviewer rates the beauty of a random parent on a scale from 1 to 5. The rating of that parent is 1. Is the parent's first child a girl?,0.44,jev-1.13.0
937,937:6646add4,4,An interviewer rates the beauty of a random parent on a scale from 1 to 5. The rating of that parent is 4. Is the parent's first child a girl?,0.44,jev-1.13.0
938,938:1b5b142a,2,An interviewer rates the beauty of a random parent on a scale from 1 to 5. The rating of that parent is 2. Is the parent's first child a girl?,0.44,jev-1.13.0
939,939:cf9d9d92,3,An interviewer rates the beauty of a random parent on a scale from 1 to 5. The rating of that parent is 3. Is the parent's first child a girl?,0.46,jev-1.13.0
940,940:5d54a880,5,An interviewer rates the beauty of a random parent on a scale from 1 to 5. The rating of that parent is 5. Is the parent's first child a girl?,0.42,jev-1.13.0
941,941:44066fff,3,An interviewer rates the beauty of a random parent on a scale from 1 to 5. The rating of that parent is 3. Is the parent's first child a girl?,0.47,jev-1.13.0
942,942:8e8b7790,4,An interviewer rates the beauty of a random parent on a scale from 1 to 5. The rating of that parent is 4. Is the parent's first child a girl?,0.45,jev-1.13.0
943,943:1e6f9c60,2,An interviewer rates the beauty of a random parent on a scale from 1 to 5. The rating of that parent is 2. Is the parent's first child a girl?,0.45,jev-1.13.0
944,944:071055a3,1,An interviewer rates the beauty of a random parent on a scale from 1 to 5. The rating of that parent is 1. Is the parent's first child a girl?,0.44,jev-1.13.0
945,945:360e8bb0,2,An interviewer rates the beauty of a random parent on a scale from 1 to 5. The rating of that parent is 2. Is the parent's first child a girl?,0.45,jev-1.13.0
946,946:4849e0e9,4,An interviewer rates the beauty of a random parent on a scale from 1 to 5. The rating of that parent is 4. Is the parent's first child a girl?,0.45,jev-1.13.0
947,947:4e023975,1,An interviewer rates the beauty of a random parent on a scale from 1 to 5. The rating of that parent is 1. Is the parent's first child a girl?,0.43,jev-1.13.0
948,948:489ea40e,1,An interviewer rates the beauty of a random parent on a scale from 1 to 5. The rating of that parent is 1. Is the parent's first child a girl?,0.44,jev-1.13.0
949,949:f6b983a7,1,An interviewer rates the beauty of a random parent on a scale from 1 to 5. The rating of that parent is 1. Is the parent's first child a girl?,0.45,jev-1.13.0
950,950:badfeeb0,5,An interviewer rates the beauty of a random parent on a scale from 1 to 5. The rating of that parent is 5. Is the parent's first child a girl?,0.44,jev-1.13.0
951,951:d16df917,3,An interviewer rates the beauty of a random parent on a scale from 1 to 5. The rating of that parent is 3. Is the parent's first child a girl?,0.46,jev-1.13.0
952,952:3a642d61,5,An interviewer rates the beauty of a random parent on a scale from 1 to 5. The rating of that parent is 5. Is the parent's first child a girl?,0.42,jev-1.13.0
953,953:7a5f3a67,1,An interviewer rates the beauty of a random parent on a scale from 1 to 5. The rating of that parent is 1. Is the parent's first child a girl?,0.44,jev-1.13.0
954,954:f72a4405,1,An interviewer rates the beauty of a random parent on a scale from 1 to 5. The rating of that parent is 1. Is the parent's first child a girl?,0.44,jev-1.13.0
955,955:04524aed,3,An interviewer rates the beauty of a random parent on a scale from 1 to 5. The rating of that parent is 3. Is the parent's first child a girl?,0.47,jev-1.13.0
956,956:fc3acf7f,2,An interviewer rates the beauty of a random parent on a scale from 1 to 5. The rating of that parent is 2. Is the parent's first child a girl?,0.45,jev-1.13.0
957,957:dab11133,3,An interviewer rates the beauty of a random parent on a scale from 1 to 5. The rating of that parent is 3. Is the parent's first child a girl?,0.45,jev-1.13.0
958,958:bb47f19c,4,An interviewer rates the beauty of a random parent on a scale from 1 to 5. The rating of that parent is 4. Is the parent's first child a girl?,0.44,jev-1.13.0
959,959:fe4e3b30,4,An interviewer rates the beauty of a random parent on a scale from 1 to 5. The rating of that parent is 4. Is the parent's first child a girl?,0.45,jev-1.13.0
960,960:55eecdb7,5,An interviewer rates the beauty of a random parent on a scale from 1 to 5. The rating of that parent is 5. Is the parent's first child a girl?,0.42,jev-1.13.0
961,961:cf0bd48b,3,An interviewer rates the beauty of a random parent on a scale from 1 to 5. The rating of that parent is 3. Is the parent's first child a girl?,0.46,jev-1.13.0
962,962:736e30e4,3,An interviewer rates the beauty of a random parent on a scale from 1 to 5. The rating of that parent is 3. Is the parent's first child a girl?,0.45,jev-1.13.0
963,963:54946007,4,An interviewer rates the beauty of a random parent on a scale from 1 to 5. The rating of that parent is 4. Is the parent's first child a girl?,0.44,jev-1.13.0
964,964:576326be,5,An interviewer rates the beauty of a random parent on a scale from 1 to 5. The rating of that parent is 5. Is the parent's first child a girl?,0.41,jev-1.13.0
965,965:d906b83e,3,An interviewer rates the beauty of a random parent on a scale from 1 to 5. The rating of that parent is 3. Is the parent's first child a girl?,0.46,jev-1.13.0
966,966:acee6d1b,5,An interviewer rates the beauty of a random parent on a scale from 1 to 5. The rating of that parent is 5. Is the parent's first child a girl?,0.42,jev-1.13.0
967,967:98b5e5c6,2,An interviewer rates the beauty of a random parent on a scale from 1 to 5. The rating of that parent is 2. Is the parent's first child a girl?,0.44,jev-1.13.0
968,968:31c01d40,1,An interviewer rates the beauty of a random parent on a scale from 1 to 5. The rating of that parent is 1. Is the parent's first child a girl?,0.43,jev-1.13.0
969,969:7371e7ec,2,An interviewer rates the beauty of a random parent on a scale from 1 to 5. The rating of that parent is 2. Is the parent's first child a girl?,0.45,jev-1.13.0
970,970:6eefb328,3,An interviewer rates the beauty of a random parent on a scale from 1 to 5. The rating of that parent is 3. Is the parent's first child a girl?,0.46,jev-1.13.0
971,971:f8c01c1f,4,An interviewer rates the beauty of a random parent on a scale from 1 to 5. The rating of that parent is 4. Is the parent's first child a girl?,0.44,jev-1.13.0
972,972:ad818b2c,5,An interviewer rates the beauty of a random parent on a scale from 1 to 5. The rating of that parent is 5. Is the parent's first child a girl?,0.44,jev-1.13.0
973,973:72a172f8,4,An interviewer rates the beauty of a random parent on a scale from 1 to 5. The rating of that parent is 4. Is the parent's first child a girl?,0.44,jev-1.13.0
974,974:3e413b07,5,An interviewer rates the beauty of a random parent on a scale from 1 to 5. The rating of that parent is 5. Is the parent's first child a girl?,0.42,jev-1.13.0
975,975:2583e620,2,An interviewer rates the beauty of a random parent on a scale from 1 to 5. The rating of that parent is 2. Is the parent's first child a girl?,0.47,jev-1.13.0
976,976:bec749fa,2,An interviewer rates the beauty of a random parent on a scale from 1 to 5. The rating of that parent is 2. Is the parent's first child a girl?,0.46,jev-1.13.0
977,977:e8a31d99,1,An interviewer rates the beauty of a random parent on a scale from 1 to 5. The rating of that parent is 1. Is the parent's first child a girl?,0.43,jev-1.13.0
978,978:ebc52a8f,4,An interviewer rates the beauty of a random parent on a scale from 1 to 5. The rating of that parent is 4. Is the parent's first child a girl?,0.44,jev-1.13.0
979,979:0bb5beec,3,An interviewer rates the beauty of a random parent on a scale from 1 to 5. The rating of that parent is 3. Is the parent's first child a girl?,0.46,jev-1.13.0
980,980:8dd69ae6,5,An interviewer rates the beauty of a random parent on a scale from 1 to 5. The rating of that parent is 5. Is the parent's first child a girl?,0.43,jev-1.13.0
981,981:d3c2c9fc,3,An interviewer rates the beauty of a random parent on a scale from 1 to 5. The rating of that parent is 3. Is the parent's first child a girl?,0.47,jev-1.13.0
982,982:260cf5b2,2,An interviewer rates the beauty of a random parent on a scale from 1 to 5. The rating of that parent is 2. Is the parent's first child a girl?,0.46,jev-1.13.0
983,983:3f9d96e1,3,An interviewer rates the beauty of a random parent on a scale from 1 to 5. The rating of that parent is 3. Is the parent's first child a girl?,0.46,jev-1.13.0
984,984:0f5186f7,4,An interviewer rates the beauty of a random parent on a scale from 1 to 5. The rating of that parent is 4. Is the parent's first child a girl?,0.45,jev-1.13.0
985,985:d91884cc,4,An interviewer rates the beauty of a random parent on a scale from 1 to 5. The rating of that parent is 4. Is the parent's first child a girl?,0.45,jev-1.13.0
986,986:c6b52a2a,5,An interviewer rates the beauty of a random parent on a scale from 1 to 5. The rating of that parent is 5. Is the parent's first child a girl?,0.42,jev-1.13.0
987,987:e9b02829,3,An interviewer rates the beauty of a random parent on a scale from 1 to 5. The rating of that parent is 3. Is the parent's first child a girl?,0.46,jev-1.13.0
988,988:371930d5,2,An interviewer rates the beauty of a random parent on a scale from 1 to 5. The rating of that parent is 2. Is the parent's first child a girl?,0.45,jev-1.13.0
989,989:5bf2fa34,5,An interviewer rates the beauty of a random parent on a scale from 1 to 5. The rating of that parent is 5. Is the parent's first child a girl?,0.42,jev-1.13.0
990,990:e99bf85a,2,An interviewer rates the beauty of a random parent on a scale from 1 to 5. The rating of that parent is 2. Is the parent's first child a girl?,0.44,jev-1.13.0
991,991:b3f2f6ad,1,An interviewer rates the beauty of a random parent on a scale from 1 to 5. The rating of that parent is 1. Is the parent's first child a girl?,0.45,jev-1.13.0
992,992:f72ec7b1,5,An interviewer rates the beauty of a random parent on a scale from 1 to 5. The rating of that parent is 5. Is the parent's first child a girl?,0.43,jev-1.13.0
993,993:a8736b6d,3,An interviewer rates the beauty of a random parent on a scale from 1 to 5. The rating of that parent is 3. Is the parent's first child a girl?,0.46,jev-1.13.0
994,994:91d49f49,4,An interviewer rates the beauty of a random parent on a scale from 1 to 5. The rating of that parent is 4. Is the parent's first child a girl?,0.44,jev-1.13.0
995,995:df42c9c0,2,An interviewer rates the beauty of a random parent on a scale from 1 to 5. The rating of that parent is 2. Is the parent's first child a girl?,0.45,jev-1.13.0
996,996:7489ec61,5,An interviewer rates the beauty of a random parent on a scale from 1 to 5. The rating of that parent is 5. Is the parent's first child a girl?,0.41,jev-1.13.0
997,997:08e624eb,2,An interviewer rates the beauty of a random parent on a scale from 1 to 5. The rating of that parent is 2. Is the parent's first child a girl?,0.44,jev-1.13.0
998,998:95ae88ee,4,An interviewer rates the beauty of a random parent on a scale from 1 to 5. The rating of that parent is 4. Is the parent's first child a girl?,0.45,jev-1.13.0
999,999:b37d254d,4,An interviewer rates the beauty of a random parent on a scale from 1 to 5. The rating of that parent is 4. Is the parent's first child a girl?,0.44,jev-1.13.0
